ReturnID,OrderID,ProductID,CustomerID,StoreID,ReturnReason,ReturnDate,RefundAmount,ReturnStatus
17794,12794,1011,15794,2075,Stale Product,2025-02-12 08:33:03.428463,300,Processed
13898,8898,1030,11898,2050,Damaged Item,2025-01-25 20:43:03.428463,875,Processed
17271,12271,1012,15271,2056,Damaged Item,2025-02-08 22:13:03.428463,360,Processed
12959,7959,1028,10959,2050,Stale Product,2025-02-11 06:23:03.428463,600,Processed
13863,8863,1024,11863,2016,Stale Product,2025-02-22 05:21:03.428463,1125,Processed
13221,8221,1038,11221,2094,Stale Product,2025-02-05 23:08:03.428463,450,Processed
16430,11430,1050,14430,2068,Damaged Item,2025-01-26 06:36:03.428463,297,Processed
10730,5730,1031,8730,2060,Damaged Item,2025-02-07 13:44:03.428463,650,Processed
17110,12110,1002,15110,2037,Stale Product,2025-02-20 20:19:03.428463,40,Processed
13281,8281,1022,11281,2039,Stale Product,2025-02-19 06:03:03.428463,320,Processed
16754,11754,1023,14754,2010,Stale Product,2025-02-03 13:07:03.428463,675,Processed
17463,12463,1015,15463,2009,Damaged Item,2025-02-04 10:47:03.428463,345,Processed
14541,9541,1001,12541,2090,Damaged Item,2025-02-21 20:08:03.428463,260,Processed
8057,3057,1024,6057,2073,Damaged Item,2025-02-15 02:37:03.428463,675,Processed
16855,11855,1030,14855,2006,Damaged Item,2025-01-22 10:46:03.428463,875,Processed
8247,3247,1025,6247,2007,Damaged Item,2025-02-11 03:58:03.428463,45,Processed
13269,8269,1000,11269,2087,Stale Product,2025-02-20 05:58:03.428463,360,Processed
11020,6020,1001,9020,2099,Damaged Item,2025-01-31 23:31:03.428463,1300,Processed
15012,10012,1017,13012,2040,Damaged Item,2025-02-03 14:42:03.428463,240,Processed
11628,6628,1000,9628,2053,Stale Product,2025-01-26 03:40:03.428463,72,Processed
14068,9068,1006,12068,2050,Damaged Item,2025-02-10 23:44:03.428463,70,Processed
15882,10882,1029,13882,2023,Stale Product,2025-01-25 13:34:03.428463,385,Processed
10623,5623,1040,8623,2013,Damaged Item,2025-02-20 04:26:03.428463,160,Processed
17233,12233,1024,15233,2054,Damaged Item,2025-02-12 02:01:03.428463,675,Processed
9566,4566,1028,7566,2083,Stale Product,2025-01-29 14:57:03.428463,450,Processed
14733,9733,1022,12733,2061,Damaged Item,2025-02-01 20:32:03.428463,480,Processed
13143,8143,1000,11143,2021,Stale Product,2025-01-24 07:26:03.428463,216,Processed
10915,5915,1004,8915,2085,Stale Product,2025-01-31 23:43:03.428463,84,Processed
11343,6343,1015,9343,2003,Damaged Item,2025-02-05 19:45:03.428463,575,Processed
8213,3213,1015,6213,2087,Damaged Item,2025-02-09 18:03:03.428463,460,Processed
11639,6639,1027,9639,2044,Stale Product,2025-01-31 16:15:03.428463,297,Processed
9045,4045,1045,7045,2020,Damaged Item,2025-02-06 12:54:03.428463,320,Processed
17016,12016,1031,15016,2097,Stale Product,2025-02-19 13:05:03.428463,650,Processed
11097,6097,1021,9097,2012,Stale Product,2025-01-28 22:37:03.428463,2995,Processed
14024,9024,1018,12024,2012,Damaged Item,2025-01-31 10:32:03.428463,950,Processed
13605,8605,1013,11605,2028,Damaged Item,2025-02-04 01:40:03.428463,840,Processed
13571,8571,1012,11571,2066,Damaged Item,2025-02-09 07:05:03.428463,900,Processed
12132,7132,1006,10132,2024,Damaged Item,2025-02-11 04:05:03.428463,56,Processed
13193,8193,1010,11193,2004,Damaged Item,2025-02-01 05:18:03.428463,540,Processed
14294,9294,1028,12294,2012,Stale Product,2025-01-28 09:09:03.428463,600,Processed
12249,7249,1007,10249,2026,Stale Product,2025-02-12 13:40:03.428463,40,Processed
15637,10637,1014,13637,2036,Stale Product,2025-02-11 23:28:03.428463,290,Processed
16330,11330,1046,14330,2078,Damaged Item,2025-02-11 02:02:03.428463,270,Processed
16309,11309,1034,14309,2045,Damaged Item,2025-02-01 20:30:03.428463,630,Processed
10565,5565,1016,8565,2073,Stale Product,2025-01-28 09:19:03.428463,150,Processed
15026,10026,1019,13026,2055,Stale Product,2025-01-31 12:39:03.428463,398,Processed
12729,7729,1041,10729,2032,Stale Product,2025-02-11 22:15:03.428463,1375,Processed
10368,5368,1029,8368,2061,Damaged Item,2025-01-28 17:27:03.428463,770,Processed
9790,4790,1030,7790,2049,Stale Product,2025-02-19 06:00:03.428463,525,Processed
11637,6637,1045,9637,2037,Damaged Item,2025-01-25 19:11:03.428463,80,Processed
11971,6971,1019,9971,2030,Stale Product,2025-02-10 15:44:03.428463,995,Processed
17421,12421,1036,15421,2020,Damaged Item,2025-02-15 16:15:03.428463,260,Processed
12325,7325,1050,10325,2097,Stale Product,2025-02-09 16:05:03.428463,99,Processed
12392,7392,1026,10392,2030,Stale Product,2025-02-15 20:50:03.428463,897,Processed
11194,6194,1049,9194,2094,Stale Product,2025-02-15 01:29:03.428463,240,Processed
13927,8927,1035,11927,2064,Stale Product,2025-02-11 23:40:03.428463,90,Processed
15785,10785,1001,13785,2042,Stale Product,2025-02-01 06:31:03.428463,520,Processed
15088,10088,1027,13088,2053,Stale Product,2025-01-29 16:30:03.428463,99,Processed
11702,6702,1025,9702,2076,Stale Product,2025-02-20 12:44:03.428463,225,Processed
11178,6178,1046,9178,2071,Stale Product,2025-01-22 22:40:03.428463,360,Processed
17512,12512,1013,15512,2060,Stale Product,2025-02-13 00:12:03.428463,420,Processed
9861,4861,1042,7861,2048,Damaged Item,2025-01-29 13:07:03.428463,900,Processed
15120,10120,1000,13120,2074,Damaged Item,2025-02-20 02:39:03.428463,72,Processed
11957,6957,1010,9957,2073,Damaged Item,2025-02-12 03:14:03.428463,720,Processed
12883,7883,1025,10883,2021,Stale Product,2025-01-31 06:17:03.428463,135,Processed
13431,8431,1024,11431,2030,Damaged Item,2025-01-27 23:56:03.428463,675,Processed
16519,11519,1013,14519,2052,Damaged Item,2025-01-25 01:56:03.428463,840,Processed
12646,7646,1000,10646,2097,Damaged Item,2025-02-05 15:53:03.428463,216,Processed
17623,12623,1013,15623,2090,Stale Product,2025-01-29 16:11:03.428463,420,Processed
14473,9473,1042,12473,2004,Damaged Item,2025-02-14 13:39:03.428463,720,Processed
9961,4961,1018,7961,2091,Stale Product,2025-02-12 09:48:03.428463,760,Processed
15393,10393,1047,13393,2096,Stale Product,2025-01-31 05:41:03.428463,1925,Processed
11960,6960,1002,9960,2042,Stale Product,2025-02-07 19:12:03.428463,120,Processed
15917,10917,1014,13917,2002,Damaged Item,2025-02-09 02:26:03.428463,145,Processed
8657,3657,1046,6657,2022,Stale Product,2025-02-13 19:55:03.428463,90,Processed
9079,4079,1006,7079,2033,Stale Product,2025-02-09 11:29:03.428463,14,Processed
10916,5916,1036,8916,2097,Damaged Item,2025-02-06 10:38:03.428463,260,Processed
13756,8756,1021,11756,2075,Damaged Item,2025-02-12 05:55:03.428463,2995,Processed
10964,5964,1043,8964,2067,Damaged Item,2025-02-11 15:34:03.428463,280,Processed
16923,11923,1038,14923,2098,Stale Product,2025-01-31 00:15:03.428463,360,Processed
15399,10399,1012,13399,2066,Stale Product,2025-02-03 19:16:03.428463,720,Processed
15982,10982,1000,13982,2084,Damaged Item,2025-02-05 10:01:03.428463,288,Processed
11216,6216,1000,9216,2091,Stale Product,2025-01-29 23:59:03.428463,360,Processed
14285,9285,1020,12285,2047,Stale Product,2025-02-13 12:05:03.428463,480,Processed
13037,8037,1000,11037,2034,Damaged Item,2025-02-07 18:09:03.428463,144,Processed
9447,4447,1030,7447,2072,Stale Product,2025-02-17 09:22:03.428463,525,Processed
11286,6286,1004,9286,2074,Stale Product,2025-01-24 03:12:03.428463,84,Processed
17207,12207,1032,15207,2099,Damaged Item,2025-02-07 04:04:03.428463,960,Processed
8197,3197,1032,6197,2009,Stale Product,2025-01-28 17:30:03.428463,640,Processed
10807,5807,1042,8807,2058,Stale Product,2025-02-20 18:03:03.428463,360,Processed
12039,7039,1016,10039,2059,Damaged Item,2025-01-24 08:53:03.428463,450,Processed
8837,3837,1034,6837,2053,Damaged Item,2025-02-20 23:11:03.428463,1050,Processed
8653,3653,1009,6653,2032,Damaged Item,2025-02-01 08:38:03.428463,35,Processed
14604,9604,1008,12604,2028,Damaged Item,2025-01-25 00:16:03.428463,300,Processed
13346,8346,1003,11346,2000,Stale Product,2025-02-17 09:59:03.428463,765,Processed
8243,3243,1030,6243,2005,Damaged Item,2025-02-10 01:14:03.428463,700,Processed
16406,11406,1028,14406,2095,Damaged Item,2025-02-15 08:57:03.428463,600,Processed
9355,4355,1028,7355,2021,Stale Product,2025-02-20 20:48:03.428463,300,Processed
15582,10582,1041,13582,2029,Damaged Item,2025-01-26 21:13:03.428463,1375,Processed
12140,7140,1038,10140,2069,Stale Product,2025-01-31 11:11:03.428463,360,Processed
17010,12010,1009,15010,2020,Stale Product,2025-02-05 14:10:03.428463,175,Processed
10019,5019,1006,8019,2063,Stale Product,2025-02-03 07:27:03.428463,56,Processed
14323,9323,1048,12323,2093,Damaged Item,2025-02-01 03:37:03.428463,110,Processed
17586,12586,1046,15586,2012,Damaged Item,2025-01-23 22:03:03.428463,270,Processed
16173,11173,1004,14173,2031,Damaged Item,2025-01-24 13:16:03.428463,84,Processed
12634,7634,1042,10634,2045,Damaged Item,2025-02-19 20:22:03.428463,540,Processed
14466,9466,1007,12466,2036,Stale Product,2025-01-30 10:30:03.428463,100,Processed
11780,6780,1027,9780,2007,Damaged Item,2025-01-22 17:08:03.428463,198,Processed
16106,11106,1020,14106,2000,Damaged Item,2025-02-14 02:06:03.428463,480,Processed
10359,5359,1049,8359,2058,Stale Product,2025-02-04 01:11:03.428463,960,Processed
12193,7193,1002,10193,2097,Damaged Item,2025-02-12 04:36:03.428463,80,Processed
14179,9179,1024,12179,2019,Stale Product,2025-01-24 08:16:03.428463,225,Processed
12727,7727,1018,10727,2060,Damaged Item,2025-01-30 06:11:03.428463,950,Processed
10756,5756,1013,8756,2096,Stale Product,2025-02-06 17:53:03.428463,630,Processed
16767,11767,1039,14767,2089,Damaged Item,2025-02-10 06:49:03.428463,440,Processed
12532,7532,1027,10532,2086,Damaged Item,2025-02-21 17:55:03.428463,198,Processed
12150,7150,1018,10150,2089,Stale Product,2025-02-04 01:38:03.428463,380,Processed
10252,5252,1024,8252,2047,Stale Product,2025-02-19 01:47:03.428463,225,Processed
17735,12735,1005,15735,2040,Damaged Item,2025-02-21 12:33:03.428463,180,Processed
13765,8765,1006,11765,2033,Stale Product,2025-01-27 23:56:03.428463,14,Processed
15480,10480,1007,13480,2037,Stale Product,2025-01-26 16:11:03.428463,40,Processed
16077,11077,1005,14077,2032,Damaged Item,2025-02-19 06:59:03.428463,180,Processed
15912,10912,1011,13912,2065,Stale Product,2025-02-20 05:58:03.428463,60,Processed
12749,7749,1041,10749,2050,Damaged Item,2025-01-22 17:49:03.428463,825,Processed
13785,8785,1044,11785,2071,Stale Product,2025-02-04 18:32:03.428463,680,Processed
8505,3505,1000,6505,2091,Stale Product,2025-02-12 23:13:03.428463,288,Processed
16016,11016,1033,14016,2064,Stale Product,2025-02-10 17:20:03.428463,85,Processed
17342,12342,1018,15342,2062,Stale Product,2025-01-27 18:31:03.428463,760,Processed
12335,7335,1015,10335,2066,Stale Product,2025-02-16 21:54:03.428463,575,Processed
17969,12969,1048,15969,2092,Damaged Item,2025-02-03 21:48:03.428463,330,Processed
16377,11377,1050,14377,2018,Damaged Item,2025-02-10 09:15:03.428463,396,Processed
8986,3986,1030,6986,2099,Damaged Item,2025-02-17 14:23:03.428463,700,Processed
9754,4754,1022,7754,2066,Damaged Item,2025-02-17 02:35:03.428463,320,Processed
9251,4251,1048,7251,2019,Stale Product,2025-02-21 03:39:03.428463,110,Processed
16461,11461,1046,14461,2047,Stale Product,2025-01-28 02:08:03.428463,450,Processed
9457,4457,1045,7457,2048,Damaged Item,2025-02-04 23:20:03.428463,80,Processed
12153,7153,1024,10153,2073,Damaged Item,2025-02-16 04:29:03.428463,900,Processed
17892,12892,1034,15892,2074,Damaged Item,2025-02-12 22:13:03.428463,840,Processed
9151,4151,1043,7151,2063,Damaged Item,2025-02-01 11:51:03.428463,700,Processed
14611,9611,1011,12611,2087,Stale Product,2025-02-18 06:50:03.428463,60,Processed
14988,9988,1016,12988,2065,Damaged Item,2025-02-12 20:40:03.428463,450,Processed
13280,8280,1003,11280,2016,Stale Product,2025-01-26 22:00:03.428463,510,Processed
10171,5171,1015,8171,2045,Damaged Item,2025-02-09 07:57:03.428463,345,Processed
17071,12071,1035,15071,2085,Stale Product,2025-01-29 21:01:03.428463,90,Processed
10226,5226,1020,8226,2041,Stale Product,2025-01-31 20:51:03.428463,320,Processed
15029,10029,1040,13029,2040,Damaged Item,2025-02-20 02:59:03.428463,160,Processed
14136,9136,1007,12136,2073,Stale Product,2025-02-20 02:15:03.428463,60,Processed
13975,8975,1046,11975,2021,Stale Product,2025-01-31 01:07:03.428463,270,Processed
13287,8287,1014,11287,2083,Stale Product,2025-01-23 22:01:03.428463,290,Processed
15593,10593,1047,13593,2048,Stale Product,2025-02-04 22:02:03.428463,770,Processed
8573,3573,1041,6573,2018,Stale Product,2025-02-01 11:12:03.428463,275,Processed
16973,11973,1006,14973,2069,Damaged Item,2025-02-17 18:06:03.428463,28,Processed
13920,8920,1004,11920,2017,Damaged Item,2025-02-11 14:00:03.428463,112,Processed
10030,5030,1029,8030,2025,Damaged Item,2025-02-01 23:51:03.428463,1540,Processed
11689,6689,1023,9689,2080,Stale Product,2025-02-20 01:04:03.428463,540,Processed
14088,9088,1042,12088,2008,Stale Product,2025-02-16 10:43:03.428463,360,Processed
10065,5065,1000,8065,2001,Damaged Item,2025-02-13 05:45:03.428463,216,Processed
12143,7143,1049,10143,2029,Damaged Item,2025-02-05 18:44:03.428463,960,Processed
8558,3558,1000,6558,2014,Damaged Item,2025-02-03 06:04:03.428463,72,Processed
9458,4458,1045,7458,2074,Stale Product,2025-02-07 08:22:03.428463,400,Processed
14530,9530,1032,12530,2051,Stale Product,2025-02-06 18:39:03.428463,320,Processed
17612,12612,1002,15612,2064,Stale Product,2025-02-16 06:36:03.428463,160,Processed
9713,4713,1030,7713,2095,Stale Product,2025-02-01 18:14:03.428463,875,Processed
17476,12476,1027,15476,2021,Stale Product,2025-01-23 23:17:03.428463,396,Processed
10071,5071,1028,8071,2037,Stale Product,2025-02-18 11:36:03.428463,450,Processed
16713,11713,1029,14713,2013,Damaged Item,2025-01-31 22:04:03.428463,770,Processed
14482,9482,1039,12482,2061,Damaged Item,2025-01-29 02:33:03.428463,110,Processed
10334,5334,1016,8334,2074,Stale Product,2025-01-29 19:54:03.428463,150,Processed
16515,11515,1031,14515,2015,Damaged Item,2025-02-11 15:58:03.428463,260,Processed
15309,10309,1012,13309,2013,Damaged Item,2025-02-15 02:14:03.428463,360,Processed
16293,11293,1001,14293,2012,Damaged Item,2025-01-23 14:09:03.428463,520,Processed
17913,12913,1045,15913,2027,Damaged Item,2025-02-12 19:11:03.428463,240,Processed
8224,3224,1042,6224,2056,Damaged Item,2025-02-20 22:10:03.428463,360,Processed
13171,8171,1005,11171,2075,Stale Product,2025-02-18 20:25:03.428463,360,Processed
15395,10395,1009,13395,2083,Stale Product,2025-01-25 15:02:03.428463,35,Processed
15337,10337,1018,13337,2035,Stale Product,2025-02-01 17:00:03.428463,190,Processed
8792,3792,1009,6792,2077,Stale Product,2025-01-28 21:19:03.428463,140,Processed
13887,8887,1017,11887,2047,Damaged Item,2025-02-17 15:09:03.428463,720,Processed
17930,12930,1032,15930,2097,Damaged Item,2025-02-16 20:41:03.428463,1600,Processed
8442,3442,1015,6442,2048,Damaged Item,2025-02-14 17:17:03.428463,230,Processed
14998,9998,1034,12998,2037,Damaged Item,2025-01-24 04:09:03.428463,420,Processed
12229,7229,1029,10229,2078,Damaged Item,2025-02-15 20:10:03.428463,1155,Processed
10845,5845,1019,8845,2008,Stale Product,2025-02-10 03:12:03.428463,995,Processed
9010,4010,1007,7010,2064,Damaged Item,2025-02-18 18:40:03.428463,80,Processed
10101,5101,1040,8101,2009,Stale Product,2025-01-28 09:48:03.428463,320,Processed
12916,7916,1034,10916,2038,Stale Product,2025-01-26 15:24:03.428463,1050,Processed
10003,5003,1033,8003,2079,Damaged Item,2025-02-07 14:27:03.428463,340,Processed
8707,3707,1042,6707,2029,Damaged Item,2025-02-01 11:21:03.428463,900,Processed
9040,4040,1023,7040,2087,Damaged Item,2025-02-15 04:36:03.428463,540,Processed
17041,12041,1018,15041,2009,Stale Product,2025-01-24 04:21:03.428463,760,Processed
17000,12000,1023,15000,2035,Damaged Item,2025-01-24 11:00:03.428463,270,Processed
12614,7614,1040,10614,2079,Stale Product,2025-01-30 13:56:03.428463,800,Processed
15748,10748,1031,13748,2020,Stale Product,2025-02-20 13:15:03.428463,390,Processed
12508,7508,1001,10508,2007,Damaged Item,2025-01-26 15:31:03.428463,260,Processed
13185,8185,1045,11185,2089,Stale Product,2025-01-27 17:44:03.428463,80,Processed
15381,10381,1030,13381,2073,Stale Product,2025-02-11 23:01:03.428463,350,Processed
9901,4901,1030,7901,2041,Damaged Item,2025-02-06 15:24:03.428463,350,Processed
12121,7121,1001,10121,2004,Stale Product,2025-02-09 12:09:03.428463,520,Processed
15782,10782,1048,13782,2040,Damaged Item,2025-02-03 03:16:03.428463,440,Processed
12399,7399,1043,10399,2098,Stale Product,2025-01-27 16:24:03.428463,700,Processed
9973,4973,1034,7973,2023,Stale Product,2025-01-23 07:27:03.428463,420,Processed
13127,8127,1046,11127,2023,Stale Product,2025-02-17 09:48:03.428463,90,Processed
12873,7873,1016,10873,2086,Stale Product,2025-01-28 21:07:03.428463,150,Processed
12005,7005,1016,10005,2091,Damaged Item,2025-01-25 19:14:03.428463,600,Processed
14003,9003,1031,12003,2080,Stale Product,2025-02-19 03:37:03.428463,130,Processed
13461,8461,1011,11461,2004,Stale Product,2025-02-23 03:04:03.428463,60,Processed
15658,10658,1003,13658,2003,Damaged Item,2025-02-16 19:24:03.428463,1020,Processed
17084,12084,1034,15084,2016,Stale Product,2025-02-18 22:45:03.428463,420,Processed
9054,4054,1004,7054,2074,Stale Product,2025-02-15 00:58:03.428463,84,Processed
14977,9977,1023,12977,2030,Damaged Item,2025-01-27 22:32:03.428463,540,Processed
17859,12859,1017,15859,2016,Damaged Item,2025-02-01 03:48:03.428463,720,Processed
13234,8234,1048,11234,2070,Damaged Item,2025-02-04 23:53:03.428463,550,Processed
10735,5735,1029,8735,2078,Damaged Item,2025-02-04 13:44:03.428463,770,Processed
14505,9505,1009,12505,2073,Damaged Item,2025-01-31 02:33:03.428463,105,Processed
9916,4916,1040,7916,2078,Stale Product,2025-02-05 18:06:03.428463,160,Processed
16108,11108,1042,14108,2023,Damaged Item,2025-02-15 17:41:03.428463,900,Processed
15571,10571,1034,13571,2016,Damaged Item,2025-02-16 09:35:03.428463,840,Processed
14660,9660,1000,12660,2009,Stale Product,2025-02-10 09:23:03.428463,360,Processed
12819,7819,1003,10819,2009,Damaged Item,2025-01-31 15:52:03.428463,255,Processed
17383,12383,1024,15383,2038,Damaged Item,2025-02-20 03:12:03.428463,450,Processed
13415,8415,1011,11415,2084,Stale Product,2025-02-16 11:38:03.428463,180,Processed
16613,11613,1015,14613,2065,Stale Product,2025-02-05 18:37:03.428463,575,Processed
10586,5586,1033,8586,2085,Stale Product,2025-02-02 15:50:03.428463,255,Processed
17862,12862,1044,15862,2048,Damaged Item,2025-02-07 06:37:03.428463,680,Processed
15221,10221,1047,13221,2004,Stale Product,2025-02-04 05:23:03.428463,1925,Processed
10316,5316,1045,8316,2013,Stale Product,2025-01-29 00:57:03.428463,320,Processed
16486,11486,1026,14486,2094,Damaged Item,2025-02-18 11:59:03.428463,1495,Processed
14922,9922,1011,12922,2063,Damaged Item,2025-02-11 20:52:03.428463,300,Processed
16727,11727,1005,14727,2015,Damaged Item,2025-02-17 13:33:03.428463,180,Processed
12880,7880,1016,10880,2088,Stale Product,2025-02-23 00:17:03.428463,150,Processed
15867,10867,1036,13867,2098,Damaged Item,2025-02-21 17:53:03.428463,195,Processed
15136,10136,1033,13136,2004,Damaged Item,2025-01-23 04:29:03.428463,255,Processed
14242,9242,1049,12242,2030,Stale Product,2025-01-31 09:43:03.428463,960,Processed
16391,11391,1041,14391,2001,Damaged Item,2025-01-26 23:08:03.428463,275,Processed
17374,12374,1013,15374,2026,Stale Product,2025-02-14 01:01:03.428463,420,Processed
14015,9015,1004,12015,2058,Damaged Item,2025-02-16 15:16:03.428463,56,Processed
9971,4971,1010,7971,2032,Damaged Item,2025-02-13 03:39:03.428463,900,Processed
11848,6848,1008,9848,2002,Stale Product,2025-02-06 18:14:03.428463,600,Processed
14546,9546,1016,12546,2017,Damaged Item,2025-01-22 05:00:03.428463,600,Processed
15635,10635,1034,13635,2088,Damaged Item,2025-01-28 22:04:03.428463,840,Processed
9157,4157,1010,7157,2091,Stale Product,2025-01-29 10:38:03.428463,180,Processed
10002,5002,1022,8002,2062,Stale Product,2025-02-04 21:27:03.428463,160,Processed
16779,11779,1024,14779,2087,Damaged Item,2025-02-03 17:01:03.428463,675,Processed
17115,12115,1000,15115,2065,Damaged Item,2025-02-05 04:36:03.428463,360,Processed
14515,9515,1043,12515,2079,Damaged Item,2025-01-26 12:49:03.428463,700,Processed
8872,3872,1046,6872,2005,Damaged Item,2025-02-18 05:25:03.428463,180,Processed
17036,12036,1018,15036,2099,Damaged Item,2025-01-30 17:20:03.428463,190,Processed
12802,7802,1035,10802,2055,Stale Product,2025-01-26 06:05:03.428463,270,Processed
11775,6775,1039,9775,2021,Stale Product,2025-01-26 14:17:03.428463,330,Processed
14519,9519,1009,12519,2029,Stale Product,2025-02-11 10:14:03.428463,70,Processed
15590,10590,1032,13590,2060,Stale Product,2025-02-09 12:40:03.428463,320,Processed
15131,10131,1018,13131,2071,Damaged Item,2025-02-06 09:37:03.428463,760,Processed
12344,7344,1025,10344,2079,Damaged Item,2025-01-22 13:06:03.428463,45,Processed
9122,4122,1046,7122,2099,Damaged Item,2025-02-02 10:17:03.428463,450,Processed
16868,11868,1044,14868,2018,Stale Product,2025-02-04 17:18:03.428463,340,Processed
11872,6872,1027,9872,2049,Stale Product,2025-02-10 10:21:03.428463,495,Processed
17959,12959,1032,15959,2019,Stale Product,2025-01-28 23:26:03.428463,1600,Processed
12994,7994,1015,10994,2008,Damaged Item,2025-02-07 18:33:03.428463,115,Processed
9944,4944,1031,7944,2066,Damaged Item,2025-02-09 14:01:03.428463,520,Processed
12391,7391,1007,10391,2098,Stale Product,2025-02-11 12:02:03.428463,80,Processed
8023,3023,1044,6023,2068,Stale Product,2025-02-16 22:52:03.428463,170,Processed
9915,4915,1033,7915,2053,Damaged Item,2025-02-11 17:58:03.428463,85,Processed
10799,5799,1009,8799,2045,Damaged Item,2025-02-04 03:06:03.428463,105,Processed
15545,10545,1048,13545,2010,Stale Product,2025-02-17 03:33:03.428463,220,Processed
11174,6174,1038,9174,2078,Stale Product,2025-02-14 16:58:03.428463,90,Processed
11746,6746,1015,9746,2051,Stale Product,2025-01-29 19:57:03.428463,115,Processed
16127,11127,1025,14127,2091,Damaged Item,2025-01-27 15:51:03.428463,225,Processed
14879,9879,1013,12879,2053,Stale Product,2025-02-07 05:15:03.428463,210,Processed
12474,7474,1041,10474,2034,Damaged Item,2025-02-07 01:39:03.428463,1375,Processed
9127,4127,1012,7127,2007,Damaged Item,2025-02-05 02:30:03.428463,180,Processed
12868,7868,1024,10868,2036,Stale Product,2025-02-21 00:44:03.428463,1125,Processed
8344,3344,1012,6344,2007,Stale Product,2025-02-07 20:27:03.428463,540,Processed
10322,5322,1016,8322,2006,Damaged Item,2025-01-25 10:11:03.428463,600,Processed
12413,7413,1008,10413,2013,Damaged Item,2025-02-18 12:34:03.428463,150,Processed
8629,3629,1008,6629,2014,Stale Product,2025-01-24 07:19:03.428463,300,Processed
12165,7165,1013,10165,2091,Damaged Item,2025-02-06 23:49:03.428463,210,Processed
12985,7985,1036,10985,2095,Stale Product,2025-02-08 20:44:03.428463,130,Processed
15018,10018,1039,13018,2020,Damaged Item,2025-02-02 06:44:03.428463,110,Processed
11815,6815,1040,9815,2014,Damaged Item,2025-02-02 02:38:03.428463,800,Processed
8904,3904,1044,6904,2092,Stale Product,2025-01-28 03:42:03.428463,850,Processed
9290,4290,1026,7290,2011,Stale Product,2025-02-07 22:42:03.428463,1495,Processed
17330,12330,1027,15330,2003,Stale Product,2025-02-11 04:20:03.428463,297,Processed
15376,10376,1028,13376,2045,Damaged Item,2025-01-28 01:00:03.428463,300,Processed
9657,4657,1038,7657,2017,Damaged Item,2025-02-15 22:36:03.428463,180,Processed
9618,4618,1013,7618,2028,Damaged Item,2025-01-26 12:24:03.428463,840,Processed
9592,4592,1026,7592,2064,Stale Product,2025-02-08 14:42:03.428463,1495,Processed
11694,6694,1027,9694,2071,Stale Product,2025-02-07 03:15:03.428463,495,Processed
10290,5290,1006,8290,2015,Stale Product,2025-02-12 18:31:03.428463,70,Processed
9062,4062,1042,7062,2037,Stale Product,2025-01-31 03:07:03.428463,900,Processed
10999,5999,1011,8999,2018,Damaged Item,2025-02-06 20:38:03.428463,300,Processed
8369,3369,1049,6369,2029,Damaged Item,2025-02-22 01:32:03.428463,240,Processed
16551,11551,1015,14551,2041,Damaged Item,2025-02-19 20:16:03.428463,115,Processed
17657,12657,1031,15657,2093,Stale Product,2025-02-10 03:52:03.428463,130,Processed
11140,6140,1011,9140,2001,Stale Product,2025-02-14 04:19:03.428463,240,Processed
17314,12314,1003,15314,2020,Damaged Item,2025-01-25 18:27:03.428463,255,Processed
16230,11230,1033,14230,2035,Stale Product,2025-02-08 14:13:03.428463,255,Processed
13681,8681,1005,11681,2017,Damaged Item,2025-02-18 19:43:03.428463,900,Processed
8142,3142,1036,6142,2087,Stale Product,2025-01-22 07:07:03.428463,130,Processed
14013,9013,1040,12013,2027,Stale Product,2025-01-28 21:40:03.428463,160,Processed
10225,5225,1027,8225,2081,Stale Product,2025-02-07 19:31:03.428463,99,Processed
11383,6383,1016,9383,2030,Stale Product,2025-02-02 10:57:03.428463,750,Processed
14600,9600,1018,12600,2010,Stale Product,2025-02-23 01:34:03.428463,380,Processed
15930,10930,1014,13930,2040,Damaged Item,2025-02-20 17:47:03.428463,290,Processed
12101,7101,1027,10101,2004,Damaged Item,2025-02-17 01:34:03.428463,198,Processed
15776,10776,1007,13776,2049,Stale Product,2025-01-27 15:06:03.428463,100,Processed
8888,3888,1000,6888,2081,Stale Product,2025-02-06 08:52:03.428463,72,Processed
8357,3357,1008,6357,2055,Stale Product,2025-02-10 16:25:03.428463,600,Processed
9793,4793,1008,7793,2032,Damaged Item,2025-02-13 20:41:03.428463,600,Processed
11161,6161,1014,9161,2071,Damaged Item,2025-02-13 13:40:03.428463,145,Processed
16234,11234,1015,14234,2039,Stale Product,2025-02-02 16:24:03.428463,230,Processed
10294,5294,1019,8294,2044,Damaged Item,2025-02-07 07:32:03.428463,398,Processed
13325,8325,1037,11325,2084,Stale Product,2025-01-29 12:49:03.428463,1750,Processed
12613,7613,1004,10613,2081,Damaged Item,2025-02-12 00:11:03.428463,56,Processed
15489,10489,1027,13489,2022,Damaged Item,2025-01-26 14:20:03.428463,297,Processed
17439,12439,1013,15439,2060,Stale Product,2025-02-10 10:37:03.428463,210,Processed
14576,9576,1049,12576,2014,Stale Product,2025-01-30 15:09:03.428463,960,Processed
15947,10947,1045,13947,2004,Stale Product,2025-01-30 01:36:03.428463,320,Processed
9708,4708,1011,7708,2072,Stale Product,2025-02-17 11:35:03.428463,120,Processed
8143,3143,1008,6143,2087,Stale Product,2025-02-13 11:45:03.428463,450,Processed
9701,4701,1043,7701,2060,Stale Product,2025-02-11 03:17:03.428463,280,Processed
10674,5674,1006,8674,2055,Stale Product,2025-02-19 22:34:03.428463,70,Processed
11912,6912,1002,9912,2024,Stale Product,2025-02-08 11:15:03.428463,120,Processed
17043,12043,1021,15043,2067,Stale Product,2025-01-28 03:18:03.428463,2995,Processed
13792,8792,1047,11792,2076,Stale Product,2025-02-08 10:02:03.428463,770,Processed
17818,12818,1009,15818,2002,Stale Product,2025-02-16 02:59:03.428463,35,Processed
14284,9284,1013,12284,2054,Damaged Item,2025-01-29 00:06:03.428463,420,Processed
14959,9959,1024,12959,2018,Stale Product,2025-02-10 11:08:03.428463,450,Processed
8214,3214,1046,6214,2077,Damaged Item,2025-02-13 06:38:03.428463,270,Processed
8997,3997,1029,6997,2015,Stale Product,2025-02-02 22:28:03.428463,1155,Processed
17376,12376,1012,15376,2005,Stale Product,2025-01-24 16:01:03.428463,720,Processed
9567,4567,1000,7567,2040,Damaged Item,2025-01-29 07:24:03.428463,72,Processed
9281,4281,1042,7281,2006,Stale Product,2025-02-12 17:45:03.428463,180,Processed
15435,10435,1046,13435,2077,Damaged Item,2025-02-21 19:46:03.428463,270,Processed
11811,6811,1041,9811,2066,Damaged Item,2025-02-19 10:37:03.428463,1375,Processed
12328,7328,1050,10328,2092,Stale Product,2025-02-20 15:50:03.428463,396,Processed
11031,6031,1010,9031,2085,Damaged Item,2025-02-05 16:55:03.428463,720,Processed
9660,4660,1034,7660,2034,Damaged Item,2025-02-13 17:44:03.428463,630,Processed
16076,11076,1013,14076,2063,Damaged Item,2025-02-12 00:29:03.428463,840,Processed
13436,8436,1001,11436,2066,Stale Product,2025-02-19 15:48:03.428463,780,Processed
8331,3331,1049,6331,2002,Damaged Item,2025-02-11 22:53:03.428463,720,Processed
17796,12796,1013,15796,2029,Stale Product,2025-02-02 18:15:03.428463,420,Processed
10143,5143,1047,8143,2019,Stale Product,2025-02-11 05:13:03.428463,1155,Processed
9170,4170,1024,7170,2055,Stale Product,2025-01-25 00:15:03.428463,225,Processed
11276,6276,1014,9276,2097,Damaged Item,2025-02-18 19:36:03.428463,580,Processed
16533,11533,1002,14533,2020,Stale Product,2025-02-02 20:26:03.428463,160,Processed
15038,10038,1015,13038,2036,Damaged Item,2025-02-12 16:07:03.428463,345,Processed
9960,4960,1025,7960,2056,Damaged Item,2025-02-04 12:53:03.428463,225,Processed
10874,5874,1018,8874,2076,Damaged Item,2025-02-22 22:11:03.428463,950,Processed
10078,5078,1046,8078,2096,Stale Product,2025-02-02 17:14:03.428463,270,Processed
11192,6192,1044,9192,2013,Damaged Item,2025-02-20 04:05:03.428463,510,Processed
17113,12113,1026,15113,2018,Stale Product,2025-02-15 12:22:03.428463,598,Processed
10599,5599,1042,8599,2013,Stale Product,2025-01-28 14:14:03.428463,900,Processed
12885,7885,1038,10885,2027,Damaged Item,2025-02-13 04:37:03.428463,90,Processed
11627,6627,1027,9627,2004,Damaged Item,2025-02-15 17:19:03.428463,99,Processed
16844,11844,1015,14844,2097,Stale Product,2025-02-20 16:08:03.428463,460,Processed
12539,7539,1044,10539,2037,Damaged Item,2025-01-26 16:29:03.428463,680,Processed
11280,6280,1025,9280,2049,Stale Product,2025-02-06 08:59:03.428463,90,Processed
16810,11810,1004,14810,2070,Stale Product,2025-02-20 00:25:03.428463,56,Processed
9513,4513,1022,7513,2053,Stale Product,2025-01-27 17:50:03.428463,320,Processed
11625,6625,1021,9625,2013,Stale Product,2025-02-21 18:49:03.428463,1198,Processed
16254,11254,1035,14254,2031,Stale Product,2025-02-01 10:18:03.428463,360,Processed
8285,3285,1031,6285,2002,Stale Product,2025-02-21 16:05:03.428463,130,Processed
13538,8538,1045,11538,2086,Damaged Item,2025-02-13 06:00:03.428463,160,Processed
12804,7804,1030,10804,2080,Damaged Item,2025-02-20 08:35:03.428463,350,Processed
13915,8915,1044,11915,2020,Stale Product,2025-02-11 10:16:03.428463,170,Processed
9185,4185,1011,7185,2007,Damaged Item,2025-01-23 09:57:03.428463,120,Processed
11285,6285,1010,9285,2081,Stale Product,2025-01-26 06:34:03.428463,360,Processed
16474,11474,1030,14474,2010,Stale Product,2025-02-15 00:15:03.428463,525,Processed
8263,3263,1029,6263,2059,Damaged Item,2025-02-18 04:46:03.428463,770,Processed
14096,9096,1032,12096,2088,Damaged Item,2025-02-02 00:14:03.428463,1280,Processed
9260,4260,1021,7260,2060,Stale Product,2025-02-11 15:59:03.428463,599,Processed
9194,4194,1018,7194,2051,Damaged Item,2025-01-24 08:30:03.428463,570,Processed
14554,9554,1008,12554,2016,Stale Product,2025-02-03 04:09:03.428463,300,Processed
11223,6223,1048,9223,2010,Stale Product,2025-02-14 12:33:03.428463,440,Processed
14735,9735,1019,12735,2008,Damaged Item,2025-02-16 20:27:03.428463,597,Processed
13620,8620,1009,11620,2008,Damaged Item,2025-01-22 22:59:03.428463,35,Processed
11350,6350,1031,9350,2043,Damaged Item,2025-01-29 08:26:03.428463,260,Processed
16118,11118,1043,14118,2022,Stale Product,2025-02-11 10:12:03.428463,560,Processed
15318,10318,1042,13318,2002,Stale Product,2025-02-03 09:43:03.428463,720,Processed
17582,12582,1016,15582,2037,Stale Product,2025-02-11 08:37:03.428463,150,Processed
17740,12740,1025,15740,2014,Damaged Item,2025-02-15 20:32:03.428463,135,Processed
15190,10190,1048,13190,2049,Stale Product,2025-02-18 09:53:03.428463,440,Processed
13053,8053,1036,11053,2083,Stale Product,2025-01-23 07:01:03.428463,195,Processed
13008,8008,1042,11008,2064,Damaged Item,2025-02-22 17:00:03.428463,360,Processed
16265,11265,1048,14265,2067,Damaged Item,2025-01-28 02:47:03.428463,330,Processed
8925,3925,1033,6925,2022,Stale Product,2025-02-11 01:45:03.428463,170,Processed
16286,11286,1023,14286,2009,Stale Product,2025-01-28 09:39:03.428463,405,Processed
10681,5681,1008,8681,2053,Damaged Item,2025-01-29 23:39:03.428463,450,Processed
12958,7958,1024,10958,2008,Stale Product,2025-02-21 12:08:03.428463,450,Processed
12574,7574,1040,10574,2017,Damaged Item,2025-02-01 05:41:03.428463,320,Processed
11266,6266,1009,9266,2060,Stale Product,2025-01-22 06:20:03.428463,140,Processed
13966,8966,1020,11966,2032,Damaged Item,2025-01-25 06:50:03.428463,160,Processed
11143,6143,1023,9143,2065,Damaged Item,2025-02-13 12:38:03.428463,270,Processed
12116,7116,1040,10116,2015,Damaged Item,2025-02-02 12:50:03.428463,640,Processed
8575,3575,1021,6575,2001,Damaged Item,2025-02-04 09:58:03.428463,1198,Processed
14897,9897,1009,12897,2052,Damaged Item,2025-01-27 17:02:03.428463,35,Processed
11829,6829,1015,9829,2023,Damaged Item,2025-02-07 17:55:03.428463,230,Processed
8654,3654,1038,6654,2074,Stale Product,2025-02-16 06:25:03.428463,270,Processed
13213,8213,1036,11213,2073,Stale Product,2025-02-12 19:20:03.428463,130,Processed
17292,12292,1004,15292,2041,Damaged Item,2025-02-12 19:46:03.428463,84,Processed
11959,6959,1016,9959,2013,Stale Product,2025-02-19 20:35:03.428463,150,Processed
11835,6835,1009,9835,2041,Stale Product,2025-01-26 08:51:03.428463,105,Processed
12300,7300,1027,10300,2006,Stale Product,2025-02-17 00:55:03.428463,495,Processed
8651,3651,1005,6651,2008,Stale Product,2025-02-18 05:33:03.428463,720,Processed
10506,5506,1033,8506,2014,Damaged Item,2025-02-19 15:43:03.428463,255,Processed
10130,5130,1040,8130,2022,Stale Product,2025-01-27 08:38:03.428463,640,Processed
8891,3891,1020,6891,2051,Stale Product,2025-02-10 01:21:03.428463,640,Processed
16934,11934,1016,14934,2042,Stale Product,2025-02-12 20:07:03.428463,150,Processed
17832,12832,1003,15832,2026,Damaged Item,2025-01-31 05:01:03.428463,765,Processed
9650,4650,1007,7650,2045,Stale Product,2025-02-05 21:44:03.428463,60,Processed
13262,8262,1030,11262,2020,Damaged Item,2025-02-18 05:06:03.428463,700,Processed
11268,6268,1023,9268,2048,Stale Product,2025-02-12 09:47:03.428463,675,Processed
9549,4549,1002,7549,2044,Stale Product,2025-01-27 02:31:03.428463,80,Processed
13720,8720,1013,11720,2040,Damaged Item,2025-02-09 12:31:03.428463,420,Processed
14258,9258,1008,12258,2065,Damaged Item,2025-02-06 13:04:03.428463,300,Processed
17597,12597,1023,15597,2049,Stale Product,2025-02-01 03:46:03.428463,270,Processed
9414,4414,1032,7414,2026,Stale Product,2025-02-15 04:54:03.428463,320,Processed
8635,3635,1040,6635,2007,Stale Product,2025-02-20 21:11:03.428463,160,Processed
10707,5707,1039,8707,2023,Stale Product,2025-01-27 17:29:03.428463,220,Processed
14529,9529,1013,12529,2033,Stale Product,2025-02-06 15:23:03.428463,630,Processed
14787,9787,1020,12787,2098,Damaged Item,2025-01-26 07:07:03.428463,800,Processed
17125,12125,1008,15125,2077,Damaged Item,2025-01-30 18:13:03.428463,450,Processed
13886,8886,1031,11886,2033,Damaged Item,2025-01-30 01:57:03.428463,390,Processed
16680,11680,1048,14680,2029,Damaged Item,2025-01-27 07:26:03.428463,330,Processed
10433,5433,1009,8433,2029,Stale Product,2025-02-10 12:34:03.428463,140,Processed
16555,11555,1050,14555,2066,Stale Product,2025-01-25 07:15:03.428463,495,Processed
14907,9907,1042,12907,2078,Damaged Item,2025-02-20 09:58:03.428463,180,Processed
11233,6233,1041,9233,2034,Damaged Item,2025-02-20 14:36:03.428463,825,Processed
10284,5284,1042,8284,2031,Stale Product,2025-02-04 21:04:03.428463,180,Processed
10899,5899,1039,8899,2023,Stale Product,2025-02-02 18:20:03.428463,330,Processed
12901,7901,1003,10901,2006,Damaged Item,2025-02-20 09:58:03.428463,510,Processed
17585,12585,1025,15585,2073,Damaged Item,2025-02-16 11:47:03.428463,45,Processed
16479,11479,1045,14479,2019,Stale Product,2025-01-28 10:58:03.428463,160,Processed
11351,6351,1010,9351,2026,Stale Product,2025-02-05 05:11:03.428463,360,Processed
11550,6550,1029,9550,2073,Damaged Item,2025-02-14 04:22:03.428463,385,Processed
15463,10463,1034,13463,2010,Stale Product,2025-01-28 00:42:03.428463,1050,Processed
10440,5440,1027,8440,2063,Damaged Item,2025-02-02 14:03:03.428463,495,Processed
15844,10844,1035,13844,2059,Stale Product,2025-02-07 14:56:03.428463,270,Processed
15985,10985,1006,13985,2091,Damaged Item,2025-02-13 01:29:03.428463,14,Processed
14315,9315,1029,12315,2087,Damaged Item,2025-02-06 03:38:03.428463,1925,Processed
12021,7021,1026,10021,2070,Stale Product,2025-02-11 14:02:03.428463,299,Processed
11654,6654,1043,9654,2066,Damaged Item,2025-02-09 12:23:03.428463,560,Processed
17617,12617,1047,15617,2015,Stale Product,2025-01-27 20:33:03.428463,385,Processed
12202,7202,1049,10202,2061,Stale Product,2025-01-28 16:30:03.428463,1200,Processed
9049,4049,1037,7049,2011,Stale Product,2025-02-18 23:54:03.428463,350,Processed
8637,3637,1021,6637,2070,Stale Product,2025-02-19 21:12:03.428463,2396,Processed
11767,6767,1031,9767,2052,Damaged Item,2025-01-28 08:06:03.428463,650,Processed
16083,11083,1002,14083,2034,Damaged Item,2025-01-29 08:17:03.428463,40,Processed
15475,10475,1004,13475,2081,Damaged Item,2025-02-07 04:14:03.428463,112,Processed
14911,9911,1025,12911,2080,Damaged Item,2025-02-09 00:02:03.428463,45,Processed
10548,5548,1037,8548,2000,Stale Product,2025-02-03 09:19:03.428463,1400,Processed
11461,6461,1039,9461,2059,Damaged Item,2025-02-16 20:48:03.428463,550,Processed
9369,4369,1003,7369,2033,Damaged Item,2025-02-17 21:46:03.428463,765,Processed
11732,6732,1007,9732,2022,Stale Product,2025-01-27 14:59:03.428463,20,Processed
17915,12915,1007,15915,2064,Stale Product,2025-02-20 23:57:03.428463,80,Processed
17814,12814,1008,15814,2012,Damaged Item,2025-02-19 16:17:03.428463,150,Processed
10001,5001,1017,8001,2006,Damaged Item,2025-02-10 01:34:03.428463,480,Processed
15287,10287,1049,13287,2085,Damaged Item,2025-02-03 23:28:03.428463,1200,Processed
11316,6316,1014,9316,2098,Stale Product,2025-02-03 23:27:03.428463,725,Processed
11643,6643,1024,9643,2005,Damaged Item,2025-02-04 18:16:03.428463,450,Processed
8630,3630,1033,6630,2063,Damaged Item,2025-02-08 15:38:03.428463,255,Processed
10609,5609,1036,8609,2010,Stale Product,2025-02-15 17:43:03.428463,65,Processed
17667,12667,1003,15667,2070,Stale Product,2025-02-06 06:02:03.428463,1275,Processed
13014,8014,1046,11014,2043,Stale Product,2025-02-02 09:37:03.428463,360,Processed
15096,10096,1036,13096,2063,Stale Product,2025-02-16 14:09:03.428463,130,Processed
16999,11999,1000,14999,2029,Damaged Item,2025-02-02 20:07:03.428463,216,Processed
16891,11891,1032,14891,2059,Stale Product,2025-02-08 13:27:03.428463,640,Processed
14200,9200,1014,12200,2012,Stale Product,2025-02-11 18:29:03.428463,435,Processed
13336,8336,1034,11336,2032,Stale Product,2025-01-26 07:55:03.428463,210,Processed
17046,12046,1012,15046,2061,Stale Product,2025-02-04 06:41:03.428463,720,Processed
17962,12962,1004,15962,2070,Damaged Item,2025-01-27 01:52:03.428463,140,Processed
11079,6079,1011,9079,2087,Damaged Item,2025-02-21 05:44:03.428463,60,Processed
10207,5207,1020,8207,2025,Stale Product,2025-01-28 18:24:03.428463,480,Processed
9942,4942,1019,7942,2090,Stale Product,2025-01-29 12:02:03.428463,199,Processed
11562,6562,1036,9562,2061,Stale Product,2025-01-22 23:24:03.428463,65,Processed
10943,5943,1009,8943,2012,Stale Product,2025-02-03 18:59:03.428463,105,Processed
9863,4863,1015,7863,2091,Stale Product,2025-02-04 22:28:03.428463,460,Processed
10958,5958,1013,8958,2088,Damaged Item,2025-01-24 17:24:03.428463,1050,Processed
10890,5890,1037,8890,2053,Stale Product,2025-02-10 14:48:03.428463,1750,Processed
9037,4037,1012,7037,2052,Damaged Item,2025-01-24 04:09:03.428463,900,Processed
10236,5236,1001,8236,2016,Stale Product,2025-02-20 19:13:03.428463,260,Processed
10934,5934,1027,8934,2013,Stale Product,2025-02-11 17:50:03.428463,99,Processed
13174,8174,1016,11174,2012,Damaged Item,2025-01-30 19:41:03.428463,450,Processed
10781,5781,1026,8781,2054,Stale Product,2025-02-19 08:00:03.428463,1495,Processed
15275,10275,1009,13275,2035,Damaged Item,2025-02-15 23:42:03.428463,105,Processed
15859,10859,1045,13859,2026,Stale Product,2025-02-11 15:04:03.428463,320,Processed
12406,7406,1024,10406,2018,Stale Product,2025-02-06 12:51:03.428463,1125,Processed
16022,11022,1041,14022,2053,Stale Product,2025-02-17 05:52:03.428463,550,Processed
17241,12241,1013,15241,2052,Damaged Item,2025-02-19 06:49:03.428463,840,Processed
16424,11424,1021,14424,2081,Damaged Item,2025-01-31 11:13:03.428463,1198,Processed
13277,8277,1042,11277,2014,Stale Product,2025-02-18 03:42:03.428463,180,Processed
15279,10279,1001,13279,2007,Stale Product,2025-01-27 17:57:03.428463,520,Processed
17674,12674,1004,15674,2015,Stale Product,2025-02-02 14:49:03.428463,140,Processed
15240,10240,1043,13240,2053,Damaged Item,2025-02-16 17:53:03.428463,700,Processed
10119,5119,1001,8119,2000,Stale Product,2025-01-30 23:35:03.428463,780,Processed
8582,3582,1050,6582,2046,Damaged Item,2025-01-25 05:44:03.428463,495,Processed
10307,5307,1035,8307,2096,Damaged Item,2025-02-14 17:46:03.428463,180,Processed
9025,4025,1005,7025,2013,Stale Product,2025-02-22 09:59:03.428463,900,Processed
11336,6336,1039,9336,2092,Damaged Item,2025-01-26 07:01:03.428463,330,Processed
8222,3222,1036,6222,2065,Stale Product,2025-02-12 18:14:03.428463,65,Processed
17447,12447,1001,15447,2011,Stale Product,2025-01-26 05:07:03.428463,780,Processed
17716,12716,1044,15716,2045,Stale Product,2025-02-19 21:04:03.428463,340,Processed
9826,4826,1005,7826,2018,Damaged Item,2025-01-24 15:04:03.428463,180,Processed
8746,3746,1030,6746,2024,Damaged Item,2025-02-16 11:42:03.428463,700,Processed
8170,3170,1030,6170,2095,Stale Product,2025-02-12 12:59:03.428463,350,Processed
8133,3133,1005,6133,2089,Stale Product,2025-01-30 12:14:03.428463,720,Processed
16833,11833,1049,14833,2066,Stale Product,2025-01-26 02:29:03.428463,240,Processed
17504,12504,1048,15504,2052,Damaged Item,2025-01-29 10:39:03.428463,440,Processed
16528,11528,1043,14528,2069,Damaged Item,2025-02-07 03:22:03.428463,140,Processed
13722,8722,1001,11722,2077,Damaged Item,2025-02-06 15:51:03.428463,520,Processed
8770,3770,1036,6770,2072,Damaged Item,2025-02-05 17:08:03.428463,260,Processed
9270,4270,1037,7270,2059,Stale Product,2025-02-14 03:41:03.428463,700,Processed
16484,11484,1024,14484,2002,Damaged Item,2025-02-09 04:59:03.428463,675,Processed
11472,6472,1017,9472,2078,Stale Product,2025-01-31 03:30:03.428463,240,Processed
17784,12784,1020,15784,2043,Damaged Item,2025-01-29 07:31:03.428463,480,Processed
14331,9331,1026,12331,2094,Damaged Item,2025-01-29 10:43:03.428463,299,Processed
17336,12336,1034,15336,2067,Damaged Item,2025-01-27 15:07:03.428463,840,Processed
10321,5321,1016,8321,2061,Damaged Item,2025-02-12 09:19:03.428463,750,Processed
10530,5530,1035,8530,2029,Stale Product,2025-01-28 23:27:03.428463,450,Processed
17778,12778,1038,15778,2092,Stale Product,2025-01-23 21:27:03.428463,450,Processed
10028,5028,1049,8028,2094,Damaged Item,2025-02-03 15:04:03.428463,480,Processed
16188,11188,1022,14188,2060,Damaged Item,2025-02-12 16:16:03.428463,800,Processed
10851,5851,1042,8851,2093,Stale Product,2025-01-30 01:11:03.428463,720,Processed
14630,9630,1006,12630,2066,Damaged Item,2025-02-06 08:47:03.428463,28,Processed
10193,5193,1007,8193,2091,Stale Product,2025-02-05 05:06:03.428463,60,Processed
16556,11556,1020,14556,2064,Stale Product,2025-02-04 05:19:03.428463,480,Processed
13558,8558,1023,11558,2012,Stale Product,2025-02-10 16:36:03.428463,135,Processed
16174,11174,1000,14174,2034,Stale Product,2025-01-26 06:06:03.428463,216,Processed
11826,6826,1015,9826,2087,Stale Product,2025-01-28 04:27:03.428463,460,Processed
9406,4406,1024,7406,2077,Damaged Item,2025-02-12 12:30:03.428463,450,Processed
13430,8430,1040,11430,2023,Damaged Item,2025-02-10 12:35:03.428463,800,Processed
10769,5769,1012,8769,2048,Stale Product,2025-02-18 08:19:03.428463,720,Processed
16988,11988,1040,14988,2087,Damaged Item,2025-02-08 01:54:03.428463,640,Processed
15245,10245,1040,13245,2064,Stale Product,2025-02-04 14:22:03.428463,160,Processed
16241,11241,1043,14241,2045,Damaged Item,2025-02-08 21:13:03.428463,700,Processed
10512,5512,1026,8512,2004,Stale Product,2025-02-17 07:48:03.428463,1196,Processed
10409,5409,1033,8409,2074,Damaged Item,2025-02-05 18:57:03.428463,255,Processed
8729,3729,1020,6729,2011,Stale Product,2025-02-04 13:19:03.428463,800,Processed
13179,8179,1024,11179,2052,Stale Product,2025-02-10 00:04:03.428463,1125,Processed
11620,6620,1036,9620,2080,Stale Product,2025-02-05 16:54:03.428463,260,Processed
13705,8705,1014,11705,2017,Damaged Item,2025-01-28 21:52:03.428463,725,Processed
9425,4425,1034,7425,2050,Stale Product,2025-02-16 08:11:03.428463,630,Processed
14952,9952,1041,12952,2072,Stale Product,2025-01-28 02:58:03.428463,550,Processed
14609,9609,1021,12609,2035,Damaged Item,2025-01-23 11:43:03.428463,2995,Processed
16422,11422,1007,14422,2098,Damaged Item,2025-02-18 17:28:03.428463,60,Processed
8016,3016,1013,6016,2097,Stale Product,2025-02-13 15:33:03.428463,630,Processed
11177,6177,1017,9177,2011,Stale Product,2025-01-30 10:48:03.428463,960,Processed
10366,5366,1014,8366,2028,Stale Product,2025-02-16 07:40:03.428463,435,Processed
14170,9170,1043,12170,2027,Damaged Item,2025-02-07 06:29:03.428463,560,Processed
11589,6589,1019,9589,2053,Damaged Item,2025-02-03 19:31:03.428463,995,Processed
8645,3645,1010,6645,2079,Damaged Item,2025-02-13 11:55:03.428463,720,Processed
13590,8590,1012,11590,2015,Damaged Item,2025-02-13 06:10:03.428463,360,Processed
15957,10957,1018,13957,2099,Stale Product,2025-02-14 11:36:03.428463,950,Processed
13562,8562,1043,11562,2041,Damaged Item,2025-01-25 20:58:03.428463,420,Processed
9569,4569,1048,7569,2036,Damaged Item,2025-01-30 08:57:03.428463,330,Processed
10995,5995,1040,8995,2063,Stale Product,2025-02-20 18:02:03.428463,320,Processed
17184,12184,1018,15184,2075,Damaged Item,2025-02-07 03:35:03.428463,380,Processed
16889,11889,1006,14889,2024,Stale Product,2025-01-26 02:11:03.428463,70,Processed
17406,12406,1009,15406,2055,Damaged Item,2025-01-30 23:05:03.428463,70,Processed
9454,4454,1008,7454,2029,Stale Product,2025-02-17 12:28:03.428463,450,Processed
17677,12677,1016,15677,2018,Damaged Item,2025-02-07 23:28:03.428463,600,Processed
15862,10862,1034,13862,2006,Damaged Item,2025-02-17 09:30:03.428463,840,Processed
15861,10861,1011,13861,2079,Stale Product,2025-02-17 11:57:03.428463,300,Processed
15613,10613,1015,13613,2049,Damaged Item,2025-02-02 14:52:03.428463,230,Processed
13730,8730,1050,11730,2096,Stale Product,2025-01-23 23:13:03.428463,297,Processed
9823,4823,1020,7823,2091,Stale Product,2025-02-17 00:14:03.428463,160,Processed
12383,7383,1017,10383,2051,Damaged Item,2025-02-12 09:31:03.428463,720,Processed
8446,3446,1030,6446,2029,Stale Product,2025-01-30 14:52:03.428463,350,Processed
13251,8251,1029,11251,2013,Stale Product,2025-02-13 23:05:03.428463,1540,Processed
17721,12721,1024,15721,2081,Damaged Item,2025-02-20 09:27:03.428463,675,Processed
16389,11389,1039,14389,2077,Stale Product,2025-01-27 19:18:03.428463,550,Processed
13576,8576,1030,11576,2073,Damaged Item,2025-02-20 23:46:03.428463,350,Processed
13357,8357,1040,11357,2018,Damaged Item,2025-02-07 02:42:03.428463,160,Processed
16121,11121,1007,14121,2096,Stale Product,2025-01-31 12:00:03.428463,40,Processed
11925,6925,1011,9925,2048,Damaged Item,2025-01-29 01:44:03.428463,60,Processed
12764,7764,1008,10764,2051,Stale Product,2025-02-17 02:50:03.428463,450,Processed
17809,12809,1021,15809,2085,Stale Product,2025-01-24 01:56:03.428463,1198,Processed
10362,5362,1023,8362,2031,Stale Product,2025-01-24 00:08:03.428463,675,Processed
14327,9327,1003,12327,2044,Damaged Item,2025-01-28 09:19:03.428463,255,Processed
15422,10422,1010,13422,2002,Damaged Item,2025-02-09 20:04:03.428463,720,Processed
16246,11246,1043,14246,2061,Stale Product,2025-02-11 03:05:03.428463,140,Processed
12685,7685,1003,10685,2047,Damaged Item,2025-02-15 01:41:03.428463,255,Processed
10863,5863,1026,8863,2039,Damaged Item,2025-01-24 13:23:03.428463,299,Processed
12892,7892,1018,10892,2084,Damaged Item,2025-02-12 07:30:03.428463,190,Processed
17206,12206,1004,15206,2053,Damaged Item,2025-02-14 01:43:03.428463,56,Processed
12611,7611,1040,10611,2027,Damaged Item,2025-01-28 00:26:03.428463,480,Processed
8461,3461,1036,6461,2034,Damaged Item,2025-02-21 20:31:03.428463,65,Processed
12046,7046,1042,10046,2012,Damaged Item,2025-01-26 01:26:03.428463,720,Processed
8937,3937,1022,6937,2004,Damaged Item,2025-02-19 08:54:03.428463,480,Processed
13800,8800,1024,11800,2073,Stale Product,2025-01-30 03:41:03.428463,1125,Processed
11693,6693,1042,9693,2023,Stale Product,2025-02-01 14:59:03.428463,720,Processed
9854,4854,1045,7854,2097,Damaged Item,2025-02-06 12:09:03.428463,240,Processed
11217,6217,1046,9217,2092,Stale Product,2025-02-05 21:13:03.428463,90,Processed
10237,5237,1026,8237,2077,Stale Product,2025-02-06 23:28:03.428463,1196,Processed
15295,10295,1049,13295,2003,Stale Product,2025-02-02 00:15:03.428463,480,Processed
12674,7674,1020,10674,2050,Stale Product,2025-02-04 14:25:03.428463,320,Processed
11294,6294,1009,9294,2007,Stale Product,2025-02-16 06:55:03.428463,105,Processed
15471,10471,1013,13471,2048,Stale Product,2025-02-08 03:09:03.428463,210,Processed
13858,8858,1034,11858,2053,Stale Product,2025-01-24 13:02:03.428463,840,Processed
10879,5879,1001,8879,2076,Damaged Item,2025-01-29 01:28:03.428463,520,Processed
17328,12328,1015,15328,2044,Damaged Item,2025-02-22 23:43:03.428463,460,Processed
15804,10804,1043,13804,2094,Stale Product,2025-02-19 17:26:03.428463,140,Processed
15974,10974,1022,13974,2055,Stale Product,2025-02-12 09:44:03.428463,160,Processed
14474,9474,1050,12474,2044,Damaged Item,2025-01-24 10:18:03.428463,297,Processed
11034,6034,1032,9034,2019,Stale Product,2025-02-07 21:50:03.428463,320,Processed
17185,12185,1016,15185,2009,Damaged Item,2025-02-07 08:43:03.428463,150,Processed
11918,6918,1010,9918,2050,Damaged Item,2025-02-07 07:34:03.428463,180,Processed
11069,6069,1012,9069,2037,Damaged Item,2025-02-11 15:21:03.428463,540,Processed
15696,10696,1020,13696,2090,Damaged Item,2025-02-18 21:35:03.428463,640,Processed
14805,9805,1003,12805,2010,Stale Product,2025-02-09 22:54:03.428463,510,Processed
15409,10409,1015,13409,2076,Damaged Item,2025-02-16 11:32:03.428463,575,Processed
8335,3335,1034,6335,2005,Damaged Item,2025-01-30 05:04:03.428463,1050,Processed
14855,9855,1002,12855,2024,Damaged Item,2025-01-27 04:42:03.428463,200,Processed
14691,9691,1020,12691,2036,Stale Product,2025-02-11 08:59:03.428463,160,Processed
8886,3886,1000,6886,2099,Damaged Item,2025-01-28 20:58:03.428463,216,Processed
17745,12745,1046,15745,2046,Stale Product,2025-02-13 05:29:03.428463,270,Processed
16679,11679,1041,14679,2050,Damaged Item,2025-02-08 15:08:03.428463,1375,Processed
16606,11606,1031,14606,2086,Damaged Item,2025-02-19 04:00:03.428463,260,Processed
13048,8048,1002,11048,2038,Damaged Item,2025-01-26 05:58:03.428463,120,Processed
15450,10450,1039,13450,2072,Stale Product,2025-02-01 06:52:03.428463,220,Processed
9612,4612,1006,7612,2054,Damaged Item,2025-02-14 12:18:03.428463,14,Processed
9828,4828,1048,7828,2061,Stale Product,2025-02-05 03:32:03.428463,440,Processed
14346,9346,1036,12346,2064,Damaged Item,2025-01-25 18:10:03.428463,130,Processed
15843,10843,1019,13843,2081,Stale Product,2025-01-22 15:38:03.428463,398,Processed
16755,11755,1033,14755,2056,Stale Product,2025-01-30 22:49:03.428463,340,Processed
15232,10232,1043,13232,2091,Damaged Item,2025-02-05 16:25:03.428463,280,Processed
10750,5750,1012,8750,2024,Damaged Item,2025-01-28 12:58:03.428463,540,Processed
14453,9453,1024,12453,2082,Damaged Item,2025-01-24 01:33:03.428463,225,Processed
8406,3406,1013,6406,2069,Stale Product,2025-02-11 08:56:03.428463,210,Processed
16830,11830,1029,14830,2057,Damaged Item,2025-02-05 18:52:03.428463,1155,Processed
14109,9109,1035,12109,2032,Damaged Item,2025-02-20 19:10:03.428463,180,Processed
17592,12592,1046,15592,2010,Damaged Item,2025-02-03 10:34:03.428463,450,Processed
10814,5814,1038,8814,2090,Stale Product,2025-01-26 00:36:03.428463,360,Processed
16238,11238,1049,14238,2044,Damaged Item,2025-02-09 07:31:03.428463,960,Processed
9241,4241,1032,7241,2075,Damaged Item,2025-02-10 21:13:03.428463,960,Processed
15656,10656,1018,13656,2008,Damaged Item,2025-01-31 09:18:03.428463,950,Processed
11029,6029,1010,9029,2034,Stale Product,2025-02-12 12:23:03.428463,900,Processed
15260,10260,1039,13260,2054,Damaged Item,2025-02-14 07:21:03.428463,110,Processed
17213,12213,1048,15213,2007,Stale Product,2025-02-09 10:47:03.428463,220,Processed
15021,10021,1028,13021,2079,Damaged Item,2025-02-16 09:00:03.428463,600,Processed
9259,4259,1004,7259,2090,Stale Product,2025-02-12 11:21:03.428463,112,Processed
10649,5649,1008,8649,2096,Stale Product,2025-01-30 06:42:03.428463,150,Processed
12155,7155,1049,10155,2097,Stale Product,2025-02-20 09:45:03.428463,480,Processed
9465,4465,1035,7465,2080,Stale Product,2025-01-22 06:45:03.428463,180,Processed
16798,11798,1007,14798,2019,Stale Product,2025-02-19 09:13:03.428463,60,Processed
14929,9929,1020,12929,2074,Stale Product,2025-01-25 21:10:03.428463,640,Processed
11700,6700,1000,9700,2012,Damaged Item,2025-01-24 04:33:03.428463,72,Processed
16796,11796,1008,14796,2019,Damaged Item,2025-01-31 17:23:03.428463,450,Processed
8148,3148,1038,6148,2007,Damaged Item,2025-02-18 23:48:03.428463,450,Processed
14034,9034,1047,12034,2056,Stale Product,2025-02-18 12:29:03.428463,1925,Processed
12897,7897,1039,10897,2096,Stale Product,2025-02-03 10:14:03.428463,110,Processed
15178,10178,1043,13178,2037,Stale Product,2025-02-21 13:29:03.428463,140,Processed
9667,4667,1005,7667,2053,Damaged Item,2025-02-01 18:42:03.428463,360,Processed
8540,3540,1017,6540,2031,Damaged Item,2025-01-25 18:04:03.428463,1200,Processed
8718,3718,1023,6718,2023,Damaged Item,2025-02-08 10:20:03.428463,540,Processed
12049,7049,1017,10049,2036,Stale Product,2025-02-15 00:05:03.428463,960,Processed
13482,8482,1010,11482,2011,Stale Product,2025-02-06 18:20:03.428463,360,Processed
14446,9446,1047,12446,2025,Stale Product,2025-02-13 19:02:03.428463,1540,Processed
17218,12218,1045,15218,2088,Damaged Item,2025-02-12 08:33:03.428463,160,Processed
12359,7359,1010,10359,2030,Stale Product,2025-02-17 21:42:03.428463,180,Processed
17358,12358,1029,15358,2054,Damaged Item,2025-02-04 12:20:03.428463,385,Processed
14592,9592,1021,12592,2063,Stale Product,2025-02-04 11:14:03.428463,1198,Processed
13703,8703,1004,11703,2011,Damaged Item,2025-02-09 03:59:03.428463,140,Processed
9029,4029,1020,7029,2002,Stale Product,2025-02-08 13:29:03.428463,640,Processed
15311,10311,1000,13311,2006,Stale Product,2025-02-03 22:10:03.428463,144,Processed
13403,8403,1050,11403,2047,Stale Product,2025-02-12 17:25:03.428463,495,Processed
14696,9696,1001,12696,2028,Damaged Item,2025-01-24 11:59:03.428463,520,Processed
13263,8263,1005,11263,2024,Stale Product,2025-02-09 03:15:03.428463,180,Processed
13307,8307,1025,11307,2028,Damaged Item,2025-02-07 02:59:03.428463,135,Processed
12686,7686,1022,10686,2071,Stale Product,2025-02-20 06:19:03.428463,480,Processed
16776,11776,1011,14776,2039,Damaged Item,2025-02-17 06:27:03.428463,180,Processed
16444,11444,1036,14444,2031,Stale Product,2025-02-03 19:48:03.428463,325,Processed
14488,9488,1035,12488,2022,Stale Product,2025-01-25 13:49:03.428463,450,Processed
16976,11976,1006,14976,2084,Damaged Item,2025-02-22 00:03:03.428463,14,Processed
9046,4046,1005,7046,2026,Stale Product,2025-02-21 02:13:03.428463,720,Processed
10584,5584,1025,8584,2085,Stale Product,2025-01-25 13:22:03.428463,90,Processed
9948,4948,1039,7948,2003,Stale Product,2025-01-26 23:51:03.428463,220,Processed
14264,9264,1026,12264,2052,Damaged Item,2025-02-11 14:58:03.428463,897,Processed
9243,4243,1041,7243,2085,Stale Product,2025-01-30 21:43:03.428463,1375,Processed
16212,11212,1033,14212,2013,Stale Product,2025-02-13 14:40:03.428463,340,Processed
9557,4557,1041,7557,2046,Stale Product,2025-02-01 20:13:03.428463,1375,Processed
8777,3777,1024,6777,2059,Damaged Item,2025-01-30 22:05:03.428463,1125,Processed
17060,12060,1047,15060,2076,Damaged Item,2025-02-17 00:25:03.428463,1925,Processed
14363,9363,1029,12363,2017,Damaged Item,2025-02-19 12:07:03.428463,1925,Processed
10543,5543,1000,8543,2006,Stale Product,2025-02-08 07:07:03.428463,72,Processed
8460,3460,1039,6460,2040,Stale Product,2025-02-04 08:27:03.428463,220,Processed
11996,6996,1006,9996,2015,Damaged Item,2025-02-11 17:40:03.428463,28,Processed
12801,7801,1003,10801,2030,Stale Product,2025-02-04 16:09:03.428463,510,Processed
16327,11327,1009,14327,2032,Stale Product,2025-01-30 21:17:03.428463,175,Processed
13304,8304,1038,11304,2063,Damaged Item,2025-02-14 23:25:03.428463,360,Processed
12526,7526,1001,10526,2005,Damaged Item,2025-02-11 01:19:03.428463,520,Processed
10057,5057,1002,8057,2029,Stale Product,2025-01-28 16:02:03.428463,200,Processed
11451,6451,1032,9451,2054,Damaged Item,2025-01-27 14:40:03.428463,1280,Processed
15563,10563,1025,13563,2042,Damaged Item,2025-02-19 16:07:03.428463,45,Processed
12675,7675,1046,10675,2052,Damaged Item,2025-02-12 19:35:03.428463,360,Processed
15911,10911,1038,13911,2056,Stale Product,2025-02-03 02:19:03.428463,180,Processed
8766,3766,1020,6766,2004,Damaged Item,2025-02-07 21:52:03.428463,320,Processed
10968,5968,1031,8968,2039,Stale Product,2025-02-13 02:53:03.428463,520,Processed
15569,10569,1016,13569,2092,Stale Product,2025-02-07 08:17:03.428463,450,Processed
11722,6722,1004,9722,2088,Stale Product,2025-02-11 07:59:03.428463,28,Processed
16425,11425,1031,14425,2031,Stale Product,2025-02-02 14:54:03.428463,260,Processed
16006,11006,1023,14006,2073,Stale Product,2025-01-26 12:36:03.428463,675,Processed
16848,11848,1022,14848,2095,Stale Product,2025-02-10 13:54:03.428463,640,Processed
10010,5010,1015,8010,2033,Stale Product,2025-01-27 15:47:03.428463,345,Processed
11487,6487,1003,9487,2012,Stale Product,2025-01-24 05:18:03.428463,510,Processed
17619,12619,1011,15619,2063,Stale Product,2025-01-23 21:33:03.428463,60,Processed
17130,12130,1041,15130,2005,Stale Product,2025-02-09 01:05:03.428463,1375,Processed
17600,12600,1009,15600,2033,Damaged Item,2025-02-16 15:35:03.428463,140,Processed
11690,6690,1040,9690,2011,Damaged Item,2025-02-06 23:21:03.428463,800,Processed
8501,3501,1019,6501,2072,Damaged Item,2025-02-06 03:52:03.428463,995,Processed
10642,5642,1014,8642,2054,Damaged Item,2025-02-08 10:03:03.428463,145,Processed
17401,12401,1032,15401,2069,Stale Product,2025-01-29 23:15:03.428463,1600,Processed
10158,5158,1001,8158,2052,Stale Product,2025-02-16 00:29:03.428463,1300,Processed
9366,4366,1002,7366,2092,Damaged Item,2025-02-07 15:30:03.428463,160,Processed
10611,5611,1041,8611,2001,Stale Product,2025-02-11 11:11:03.428463,825,Processed
12174,7174,1043,10174,2065,Damaged Item,2025-02-10 23:44:03.428463,560,Processed
16609,11609,1003,14609,2076,Stale Product,2025-02-01 22:26:03.428463,510,Processed
14740,9740,1001,12740,2062,Damaged Item,2025-02-10 06:30:03.428463,260,Processed
16737,11737,1019,14737,2037,Damaged Item,2025-01-30 05:45:03.428463,995,Processed
10127,5127,1044,8127,2088,Damaged Item,2025-02-21 13:32:03.428463,680,Processed
12789,7789,1034,10789,2049,Stale Product,2025-01-23 15:52:03.428463,420,Processed
17906,12906,1001,15906,2004,Damaged Item,2025-02-08 11:52:03.428463,1300,Processed
12956,7956,1005,10956,2083,Damaged Item,2025-02-11 11:30:03.428463,720,Processed
11015,6015,1025,9015,2092,Damaged Item,2025-02-09 19:08:03.428463,45,Processed
12790,7790,1041,10790,2097,Stale Product,2025-02-18 17:14:03.428463,275,Processed
16792,11792,1012,14792,2028,Damaged Item,2025-01-29 00:49:03.428463,360,Processed
12382,7382,1048,10382,2022,Damaged Item,2025-02-20 05:55:03.428463,110,Processed
17639,12639,1035,15639,2040,Stale Product,2025-02-14 08:30:03.428463,180,Processed
11443,6443,1034,9443,2061,Stale Product,2025-02-22 15:31:03.428463,1050,Processed
11293,6293,1001,9293,2056,Stale Product,2025-02-12 11:12:03.428463,260,Processed
12808,7808,1034,10808,2088,Stale Product,2025-01-24 19:18:03.428463,840,Processed
11937,6937,1012,9937,2028,Stale Product,2025-01-25 07:46:03.428463,540,Processed
10900,5900,1013,8900,2008,Stale Product,2025-01-30 08:07:03.428463,210,Processed
10924,5924,1001,8924,2008,Stale Product,2025-02-20 13:51:03.428463,520,Processed
13879,8879,1001,11879,2075,Damaged Item,2025-02-06 08:00:03.428463,520,Processed
15465,10465,1031,13465,2005,Stale Product,2025-02-04 07:49:03.428463,390,Processed
16462,11462,1012,14462,2028,Stale Product,2025-01-23 19:28:03.428463,360,Processed
17114,12114,1047,15114,2058,Damaged Item,2025-01-24 13:56:03.428463,385,Processed
12930,7930,1007,10930,2026,Damaged Item,2025-01-30 01:43:03.428463,60,Processed
8648,3648,1011,6648,2047,Damaged Item,2025-02-13 19:22:03.428463,300,Processed
11563,6563,1042,9563,2027,Stale Product,2025-02-12 21:33:03.428463,900,Processed
9673,4673,1033,7673,2014,Damaged Item,2025-02-05 12:36:03.428463,85,Processed
12723,7723,1029,10723,2079,Stale Product,2025-01-28 06:41:03.428463,1155,Processed
10580,5580,1031,8580,2024,Stale Product,2025-01-29 08:00:03.428463,260,Processed
11339,6339,1022,9339,2003,Stale Product,2025-01-23 20:11:03.428463,480,Processed
14171,9171,1005,12171,2085,Damaged Item,2025-01-27 05:51:03.428463,720,Processed
17729,12729,1049,15729,2067,Damaged Item,2025-02-11 21:41:03.428463,240,Processed
15723,10723,1021,13723,2033,Damaged Item,2025-02-19 01:21:03.428463,599,Processed
17147,12147,1015,15147,2027,Stale Product,2025-02-20 23:33:03.428463,575,Processed
17987,12987,1042,15987,2006,Stale Product,2025-01-25 19:57:03.428463,720,Processed
11934,6934,1032,9934,2013,Stale Product,2025-02-05 00:38:03.428463,1280,Processed
13244,8244,1047,11244,2081,Damaged Item,2025-02-06 05:54:03.428463,385,Processed
9328,4328,1039,7328,2077,Stale Product,2025-01-28 01:02:03.428463,110,Processed
11289,6289,1022,9289,2026,Damaged Item,2025-02-04 20:32:03.428463,320,Processed
13962,8962,1004,11962,2099,Damaged Item,2025-02-03 07:51:03.428463,112,Processed
9800,4800,1006,7800,2011,Damaged Item,2025-02-05 04:35:03.428463,28,Processed
8391,3391,1049,6391,2060,Damaged Item,2025-02-10 02:35:03.428463,240,Processed
17863,12863,1032,15863,2081,Stale Product,2025-02-14 04:15:03.428463,1280,Processed
14905,9905,1047,12905,2092,Stale Product,2025-01-27 16:49:03.428463,1155,Processed
11189,6189,1000,9189,2014,Stale Product,2025-02-21 01:45:03.428463,360,Processed
12615,7615,1026,10615,2082,Stale Product,2025-02-08 03:33:03.428463,1495,Processed
8008,3008,1025,6008,2081,Stale Product,2025-02-18 08:36:03.428463,180,Processed
17251,12251,1029,15251,2085,Stale Product,2025-02-10 09:46:03.428463,1155,Processed
11413,6413,1050,9413,2063,Stale Product,2025-02-17 00:48:03.428463,198,Processed
9225,4225,1018,7225,2048,Stale Product,2025-02-13 04:38:03.428463,760,Processed
13042,8042,1024,11042,2045,Damaged Item,2025-02-12 03:34:03.428463,900,Processed
10089,5089,1006,8089,2048,Stale Product,2025-02-04 10:30:03.428463,14,Processed
8912,3912,1042,6912,2066,Stale Product,2025-01-25 22:18:03.428463,900,Processed
10007,5007,1019,8007,2016,Stale Product,2025-02-08 00:34:03.428463,398,Processed
14470,9470,1000,12470,2006,Stale Product,2025-02-10 14:44:03.428463,360,Processed
10146,5146,1033,8146,2029,Stale Product,2025-02-10 12:55:03.428463,340,Processed
11909,6909,1005,9909,2081,Stale Product,2025-02-10 17:51:03.428463,180,Processed
16552,11552,1049,14552,2053,Damaged Item,2025-02-13 07:33:03.428463,1200,Processed
16643,11643,1045,14643,2062,Stale Product,2025-02-21 09:53:03.428463,160,Processed
12348,7348,1031,10348,2043,Stale Product,2025-02-04 02:45:03.428463,130,Processed
12852,7852,1040,10852,2069,Stale Product,2025-01-28 17:58:03.428463,800,Processed
17572,12572,1039,15572,2033,Stale Product,2025-02-20 10:24:03.428463,220,Processed
10988,5988,1007,8988,2051,Stale Product,2025-01-31 17:00:03.428463,100,Processed
10392,5392,1036,8392,2020,Damaged Item,2025-01-28 03:04:03.428463,130,Processed
16695,11695,1046,14695,2083,Damaged Item,2025-01-27 13:27:03.428463,270,Processed
17726,12726,1046,15726,2050,Stale Product,2025-02-03 03:16:03.428463,360,Processed
9664,4664,1023,7664,2041,Damaged Item,2025-02-15 06:19:03.428463,270,Processed
17361,12361,1014,15361,2075,Stale Product,2025-01-25 19:24:03.428463,145,Processed
10975,5975,1050,8975,2001,Stale Product,2025-02-21 14:08:03.428463,396,Processed
14598,9598,1010,12598,2035,Stale Product,2025-02-03 05:53:03.428463,900,Processed
14625,9625,1019,12625,2041,Stale Product,2025-02-20 15:40:03.428463,199,Processed
10823,5823,1010,8823,2060,Stale Product,2025-02-08 13:50:03.428463,900,Processed
15057,10057,1036,13057,2091,Stale Product,2025-02-09 08:48:03.428463,195,Processed
10680,5680,1033,8680,2087,Stale Product,2025-02-02 00:21:03.428463,255,Processed
11808,6808,1000,9808,2000,Damaged Item,2025-01-27 02:05:03.428463,144,Processed
16684,11684,1009,14684,2019,Stale Product,2025-02-06 08:56:03.428463,70,Processed
8438,3438,1040,6438,2053,Damaged Item,2025-02-10 11:02:03.428463,800,Processed
14569,9569,1000,12569,2019,Damaged Item,2025-02-15 06:35:03.428463,72,Processed
16090,11090,1023,14090,2089,Damaged Item,2025-02-13 22:53:03.428463,540,Processed
16952,11952,1048,14952,2028,Stale Product,2025-02-16 03:49:03.428463,220,Processed
15565,10565,1048,13565,2003,Stale Product,2025-02-02 12:49:03.428463,550,Processed
16881,11881,1036,14881,2050,Damaged Item,2025-01-28 13:42:03.428463,325,Processed
17759,12759,1022,15759,2038,Damaged Item,2025-02-21 11:10:03.428463,160,Processed
14711,9711,1018,12711,2073,Damaged Item,2025-02-07 04:46:03.428463,380,Processed
12298,7298,1012,10298,2016,Damaged Item,2025-01-24 03:43:03.428463,540,Processed
13890,8890,1034,11890,2037,Damaged Item,2025-02-15 05:04:03.428463,210,Processed
15683,10683,1007,13683,2086,Stale Product,2025-01-23 00:24:03.428463,60,Processed
13724,8724,1001,11724,2056,Stale Product,2025-02-08 04:13:03.428463,260,Processed
9321,4321,1005,7321,2010,Damaged Item,2025-01-22 02:08:03.428463,180,Processed
16963,11963,1005,14963,2059,Stale Product,2025-02-14 10:19:03.428463,720,Processed
9706,4706,1007,7706,2002,Damaged Item,2025-02-18 02:19:03.428463,100,Processed
14269,9269,1032,12269,2016,Stale Product,2025-01-29 07:42:03.428463,320,Processed
13293,8293,1033,11293,2022,Damaged Item,2025-01-23 17:43:03.428463,255,Processed
12073,7073,1000,10073,2058,Damaged Item,2025-02-08 02:26:03.428463,288,Processed
17262,12262,1036,15262,2080,Stale Product,2025-02-14 19:53:03.428463,260,Processed
13924,8924,1009,11924,2003,Stale Product,2025-02-07 23:56:03.428463,35,Processed
11612,6612,1001,9612,2000,Stale Product,2025-01-28 11:08:03.428463,780,Processed
10705,5705,1003,8705,2071,Damaged Item,2025-01-29 04:53:03.428463,1275,Processed
8019,3019,1033,6019,2077,Damaged Item,2025-02-15 21:08:03.428463,425,Processed
17070,12070,1006,15070,2007,Damaged Item,2025-01-23 17:18:03.428463,56,Processed
13031,8031,1024,11031,2062,Damaged Item,2025-02-22 10:32:03.428463,225,Processed
16507,11507,1036,14507,2016,Damaged Item,2025-02-06 14:44:03.428463,65,Processed
10233,5233,1007,8233,2027,Stale Product,2025-02-02 15:14:03.428463,20,Processed
8771,3771,1003,6771,2083,Damaged Item,2025-01-25 18:11:03.428463,255,Processed
10644,5644,1026,8644,2084,Damaged Item,2025-02-05 00:44:03.428463,299,Processed
11740,6740,1017,9740,2090,Damaged Item,2025-02-16 07:12:03.428463,1200,Processed
8011,3011,1034,6011,2005,Stale Product,2025-01-23 12:27:03.428463,1050,Processed
10044,5044,1020,8044,2016,Stale Product,2025-02-06 00:27:03.428463,160,Processed
10370,5370,1019,8370,2096,Stale Product,2025-02-13 02:37:03.428463,398,Processed
13188,8188,1017,11188,2046,Damaged Item,2025-01-31 09:48:03.428463,1200,Processed
8145,3145,1044,6145,2007,Damaged Item,2025-01-26 21:47:03.428463,340,Processed
8417,3417,1026,6417,2056,Stale Product,2025-01-24 08:56:03.428463,299,Processed
16557,11557,1006,14557,2086,Damaged Item,2025-02-11 03:56:03.428463,56,Processed
8999,3999,1029,6999,2039,Stale Product,2025-02-04 14:47:03.428463,1540,Processed
17900,12900,1044,15900,2000,Stale Product,2025-02-14 13:15:03.428463,510,Processed
12778,7778,1000,10778,2065,Stale Product,2025-02-11 02:42:03.428463,216,Processed
13454,8454,1018,11454,2097,Stale Product,2025-02-06 13:30:03.428463,570,Processed
11025,6025,1008,9025,2008,Stale Product,2025-01-28 03:14:03.428463,600,Processed
8458,3458,1038,6458,2089,Stale Product,2025-02-08 22:56:03.428463,360,Processed
10331,5331,1016,8331,2026,Stale Product,2025-02-21 09:04:03.428463,750,Processed
15749,10749,1047,13749,2028,Damaged Item,2025-02-02 16:08:03.428463,385,Processed
17404,12404,1023,15404,2053,Damaged Item,2025-02-07 00:00:03.428463,270,Processed
14224,9224,1030,12224,2038,Stale Product,2025-02-16 03:57:03.428463,525,Processed
17865,12865,1000,15865,2055,Damaged Item,2025-02-10 00:31:03.428463,360,Processed
8625,3625,1032,6625,2081,Stale Product,2025-02-10 19:00:03.428463,1600,Processed
13028,8028,1030,11028,2003,Damaged Item,2025-01-22 21:01:03.428463,875,Processed
9999,4999,1019,7999,2045,Stale Product,2025-02-11 06:47:03.428463,398,Processed
17242,12242,1020,15242,2054,Stale Product,2025-02-07 22:16:03.428463,160,Processed
12683,7683,1003,10683,2037,Damaged Item,2025-01-27 15:31:03.428463,1020,Processed
17367,12367,1029,15367,2067,Damaged Item,2025-01-27 09:59:03.428463,1925,Processed
15106,10106,1001,13106,2006,Stale Product,2025-02-12 22:12:03.428463,520,Processed
11427,6427,1044,9427,2045,Damaged Item,2025-02-11 16:47:03.428463,170,Processed
15564,10564,1018,13564,2073,Damaged Item,2025-01-28 10:44:03.428463,760,Processed
12937,7937,1004,10937,2058,Stale Product,2025-02-08 22:59:03.428463,112,Processed
12138,7138,1007,10138,2015,Damaged Item,2025-02-02 23:00:03.428463,80,Processed
15976,10976,1023,13976,2088,Damaged Item,2025-02-08 02:05:03.428463,135,Processed
14656,9656,1020,12656,2079,Damaged Item,2025-01-23 18:25:03.428463,480,Processed
17203,12203,1039,15203,2056,Stale Product,2025-02-07 05:12:03.428463,330,Processed
15219,10219,1041,13219,2052,Stale Product,2025-02-20 14:32:03.428463,1100,Processed
14797,9797,1035,12797,2091,Damaged Item,2025-01-29 16:06:03.428463,180,Processed
11403,6403,1023,9403,2009,Damaged Item,2025-02-16 21:59:03.428463,135,Processed
9526,4526,1049,7526,2063,Damaged Item,2025-02-06 03:41:03.428463,720,Processed
8883,3883,1035,6883,2047,Stale Product,2025-02-05 17:19:03.428463,90,Processed
17397,12397,1037,15397,2052,Damaged Item,2025-01-28 07:34:03.428463,700,Processed
8324,3324,1038,6324,2071,Damaged Item,2025-01-27 02:33:03.428463,270,Processed
16278,11278,1027,14278,2010,Stale Product,2025-02-04 21:35:03.428463,495,Processed
15908,10908,1018,13908,2058,Stale Product,2025-01-23 21:03:03.428463,760,Processed
10581,5581,1025,8581,2008,Stale Product,2025-02-16 20:41:03.428463,225,Processed
15753,10753,1041,13753,2024,Damaged Item,2025-01-28 04:36:03.428463,275,Processed
13824,8824,1049,11824,2061,Stale Product,2025-02-12 21:52:03.428463,1200,Processed
10637,5637,1002,8637,2029,Damaged Item,2025-02-20 13:15:03.428463,160,Processed
8613,3613,1009,6613,2037,Stale Product,2025-02-04 08:13:03.428463,140,Processed
14154,9154,1036,12154,2044,Damaged Item,2025-02-19 17:31:03.428463,195,Processed
17228,12228,1023,15228,2071,Stale Product,2025-01-29 06:50:03.428463,270,Processed
13813,8813,1025,11813,2078,Damaged Item,2025-02-01 03:57:03.428463,90,Processed
9694,4694,1015,7694,2018,Stale Product,2025-02-14 20:36:03.428463,115,Processed
12247,7247,1029,10247,2034,Damaged Item,2025-01-30 03:37:03.428463,1540,Processed
14121,9121,1024,12121,2057,Damaged Item,2025-02-14 08:11:03.428463,1125,Processed
15931,10931,1023,13931,2041,Stale Product,2025-02-13 04:32:03.428463,675,Processed
8326,3326,1008,6326,2084,Stale Product,2025-01-30 14:04:03.428463,450,Processed
16266,11266,1032,14266,2044,Stale Product,2025-02-07 20:30:03.428463,1600,Processed
8973,3973,1024,6973,2042,Stale Product,2025-02-13 22:02:03.428463,1125,Processed
13912,8912,1037,11912,2004,Stale Product,2025-02-15 10:54:03.428463,1400,Processed
15638,10638,1022,13638,2006,Damaged Item,2025-02-15 06:02:03.428463,320,Processed
16457,11457,1019,14457,2017,Damaged Item,2025-01-25 21:38:03.428463,199,Processed
8482,3482,1002,6482,2048,Damaged Item,2025-01-22 06:37:03.428463,200,Processed
11575,6575,1041,9575,2083,Stale Product,2025-01-30 14:42:03.428463,275,Processed
14508,9508,1010,12508,2061,Damaged Item,2025-01-31 21:14:03.428463,540,Processed
14260,9260,1046,12260,2086,Stale Product,2025-01-25 17:05:03.428463,90,Processed
16753,11753,1019,14753,2077,Stale Product,2025-01-23 18:00:03.428463,995,Processed
10240,5240,1030,8240,2034,Stale Product,2025-02-13 07:30:03.428463,700,Processed
15921,10921,1036,13921,2091,Stale Product,2025-01-29 09:58:03.428463,130,Processed
15501,10501,1044,13501,2076,Stale Product,2025-02-12 22:17:03.428463,170,Processed
17180,12180,1044,15180,2014,Damaged Item,2025-02-08 01:39:03.428463,510,Processed
8332,3332,1002,6332,2017,Stale Product,2025-02-13 16:47:03.428463,200,Processed
16298,11298,1005,14298,2077,Stale Product,2025-02-02 22:16:03.428463,720,Processed
11602,6602,1016,9602,2094,Damaged Item,2025-02-03 00:49:03.428463,300,Processed
12292,7292,1009,10292,2096,Damaged Item,2025-01-27 10:42:03.428463,70,Processed
11683,6683,1024,9683,2096,Stale Product,2025-02-03 08:44:03.428463,450,Processed
15895,10895,1036,13895,2040,Stale Product,2025-01-31 13:09:03.428463,260,Processed
15652,10652,1036,13652,2058,Stale Product,2025-02-13 18:39:03.428463,325,Processed
17014,12014,1022,15014,2061,Damaged Item,2025-02-12 08:52:03.428463,320,Processed
11613,6613,1027,9613,2031,Damaged Item,2025-02-15 04:42:03.428463,99,Processed
8059,3059,1027,6059,2083,Stale Product,2025-02-11 14:15:03.428463,495,Processed
17017,12017,1020,15017,2002,Damaged Item,2025-02-17 07:33:03.428463,480,Processed
9977,4977,1025,7977,2057,Stale Product,2025-02-11 08:12:03.428463,135,Processed
17673,12673,1031,15673,2083,Damaged Item,2025-02-01 11:06:03.428463,650,Processed
15339,10339,1010,13339,2076,Stale Product,2025-02-19 17:28:03.428463,180,Processed
13427,8427,1023,11427,2015,Stale Product,2025-02-09 23:18:03.428463,675,Processed
8514,3514,1045,6514,2080,Stale Product,2025-02-06 02:32:03.428463,80,Processed
15588,10588,1025,13588,2021,Damaged Item,2025-02-14 16:09:03.428463,45,Processed
16677,11677,1018,14677,2088,Damaged Item,2025-02-03 13:29:03.428463,190,Processed
17090,12090,1032,15090,2060,Damaged Item,2025-01-29 13:55:03.428463,1600,Processed
8887,3887,1009,6887,2050,Damaged Item,2025-01-26 04:11:03.428463,105,Processed
17284,12284,1024,15284,2052,Damaged Item,2025-01-26 01:39:03.428463,225,Processed
12957,7957,1037,10957,2078,Damaged Item,2025-02-07 09:08:03.428463,700,Processed
15726,10726,1030,13726,2045,Stale Product,2025-01-22 23:53:03.428463,875,Processed
13686,8686,1027,11686,2050,Damaged Item,2025-01-23 17:47:03.428463,198,Processed
10994,5994,1049,8994,2034,Damaged Item,2025-02-10 22:59:03.428463,720,Processed
15789,10789,1004,13789,2018,Stale Product,2025-02-03 21:56:03.428463,140,Processed
11631,6631,1049,9631,2088,Stale Product,2025-01-24 19:13:03.428463,720,Processed
15963,10963,1050,13963,2043,Stale Product,2025-02-13 00:07:03.428463,99,Processed
14254,9254,1041,12254,2062,Damaged Item,2025-02-08 21:25:03.428463,825,Processed
13544,8544,1029,11544,2029,Stale Product,2025-02-08 05:17:03.428463,1925,Processed
11051,6051,1022,9051,2061,Damaged Item,2025-02-06 01:24:03.428463,640,Processed
13429,8429,1011,11429,2075,Damaged Item,2025-01-25 00:19:03.428463,60,Processed
9177,4177,1022,7177,2063,Damaged Item,2025-01-25 19:30:03.428463,160,Processed
8097,3097,1032,6097,2063,Damaged Item,2025-02-11 16:20:03.428463,1600,Processed
17257,12257,1032,15257,2040,Damaged Item,2025-02-11 13:03:03.428463,1600,Processed
11783,6783,1045,9783,2097,Damaged Item,2025-01-26 20:07:03.428463,320,Processed
13701,8701,1044,11701,2026,Damaged Item,2025-02-01 20:27:03.428463,510,Processed
13910,8910,1046,11910,2086,Stale Product,2025-02-12 05:59:03.428463,270,Processed
9130,4130,1028,7130,2086,Stale Product,2025-02-07 18:32:03.428463,600,Processed
11390,6390,1036,9390,2076,Damaged Item,2025-02-05 00:01:03.428463,65,Processed
17475,12475,1025,15475,2065,Stale Product,2025-01-26 10:13:03.428463,135,Processed
10278,5278,1036,8278,2004,Damaged Item,2025-02-10 19:15:03.428463,195,Processed
15781,10781,1039,13781,2053,Damaged Item,2025-02-02 19:37:03.428463,220,Processed
10574,5574,1042,8574,2016,Damaged Item,2025-01-30 17:47:03.428463,360,Processed
17340,12340,1037,15340,2093,Damaged Item,2025-02-16 10:49:03.428463,1400,Processed
12875,7875,1019,10875,2094,Stale Product,2025-01-28 00:46:03.428463,199,Processed
15592,10592,1007,13592,2038,Stale Product,2025-02-05 10:07:03.428463,20,Processed
12627,7627,1021,10627,2045,Damaged Item,2025-02-12 22:44:03.428463,2396,Processed
8591,3591,1042,6591,2086,Stale Product,2025-02-18 01:58:03.428463,540,Processed
8386,3386,1047,6386,2012,Stale Product,2025-01-31 15:42:03.428463,385,Processed
16807,11807,1028,14807,2081,Damaged Item,2025-02-14 02:21:03.428463,450,Processed
13146,8146,1026,11146,2020,Stale Product,2025-01-26 03:56:03.428463,299,Processed
9896,4896,1037,7896,2016,Stale Product,2025-02-14 08:58:03.428463,1750,Processed
10014,5014,1009,8014,2052,Damaged Item,2025-02-20 01:56:03.428463,175,Processed
9851,4851,1036,7851,2065,Stale Product,2025-01-27 15:54:03.428463,65,Processed
11812,6812,1034,9812,2054,Stale Product,2025-02-17 16:09:03.428463,210,Processed
14845,9845,1011,12845,2039,Damaged Item,2025-02-19 02:26:03.428463,240,Processed
14999,9999,1028,12999,2049,Damaged Item,2025-02-07 13:46:03.428463,150,Processed
15506,10506,1023,13506,2036,Stale Product,2025-02-03 00:33:03.428463,135,Processed
12296,7296,1024,10296,2062,Damaged Item,2025-02-07 07:28:03.428463,225,Processed
16164,11164,1001,14164,2001,Damaged Item,2025-01-29 19:25:03.428463,780,Processed
16878,11878,1040,14878,2045,Stale Product,2025-02-04 17:54:03.428463,640,Processed
9398,4398,1007,7398,2075,Damaged Item,2025-01-29 15:07:03.428463,100,Processed
12350,7350,1025,10350,2060,Damaged Item,2025-02-19 00:35:03.428463,135,Processed
15164,10164,1002,13164,2099,Damaged Item,2025-02-18 02:55:03.428463,120,Processed
12744,7744,1032,10744,2018,Stale Product,2025-01-29 11:50:03.428463,960,Processed
10869,5869,1038,8869,2095,Damaged Item,2025-02-02 15:26:03.428463,270,Processed
9949,4949,1008,7949,2088,Damaged Item,2025-02-10 06:10:03.428463,750,Processed
14577,9577,1002,12577,2021,Damaged Item,2025-02-04 17:24:03.428463,120,Processed
14030,9030,1022,12030,2001,Damaged Item,2025-01-28 19:20:03.428463,480,Processed
12971,7971,1033,10971,2022,Stale Product,2025-02-05 09:48:03.428463,170,Processed
12548,7548,1019,10548,2000,Damaged Item,2025-02-12 08:30:03.428463,199,Processed
9499,4499,1009,7499,2032,Damaged Item,2025-02-14 00:43:03.428463,140,Processed
12241,7241,1047,10241,2046,Stale Product,2025-02-15 11:21:03.428463,1155,Processed
8080,3080,1001,6080,2018,Damaged Item,2025-02-12 13:32:03.428463,1040,Processed
11091,6091,1027,9091,2036,Damaged Item,2025-02-01 13:27:03.428463,396,Processed
12120,7120,1035,10120,2019,Stale Product,2025-02-01 22:17:03.428463,270,Processed
12893,7893,1021,10893,2067,Stale Product,2025-01-24 20:42:03.428463,1198,Processed
10281,5281,1045,8281,2040,Stale Product,2025-02-22 17:33:03.428463,240,Processed
9392,4392,1011,7392,2018,Stale Product,2025-02-21 19:18:03.428463,240,Processed
13846,8846,1033,11846,2093,Damaged Item,2025-02-13 22:37:03.428463,425,Processed
13642,8642,1016,11642,2096,Stale Product,2025-01-24 13:54:03.428463,750,Processed
15816,10816,1027,13816,2066,Stale Product,2025-01-27 18:44:03.428463,198,Processed
13953,8953,1006,11953,2075,Stale Product,2025-02-12 12:14:03.428463,28,Processed
16761,11761,1033,14761,2007,Damaged Item,2025-01-31 00:10:03.428463,255,Processed
13775,8775,1030,11775,2059,Damaged Item,2025-01-28 14:28:03.428463,700,Processed
14614,9614,1014,12614,2049,Damaged Item,2025-02-15 21:44:03.428463,580,Processed
17532,12532,1043,15532,2089,Damaged Item,2025-02-12 16:16:03.428463,140,Processed
12981,7981,1006,10981,2073,Damaged Item,2025-02-20 07:54:03.428463,70,Processed
13194,8194,1041,11194,2012,Damaged Item,2025-02-01 06:44:03.428463,275,Processed
8151,3151,1018,6151,2039,Stale Product,2025-01-27 14:37:03.428463,950,Processed
17861,12861,1040,15861,2015,Stale Product,2025-02-08 12:26:03.428463,640,Processed
12263,7263,1018,10263,2010,Stale Product,2025-01-29 00:32:03.428463,760,Processed
10227,5227,1039,8227,2042,Stale Product,2025-02-19 09:19:03.428463,550,Processed
12329,7329,1022,10329,2036,Stale Product,2025-01-25 01:46:03.428463,160,Processed
16492,11492,1044,14492,2045,Damaged Item,2025-02-13 17:21:03.428463,510,Processed
11137,6137,1039,9137,2064,Stale Product,2025-02-19 09:50:03.428463,440,Processed
13022,8022,1030,11022,2070,Stale Product,2025-01-24 00:27:03.428463,525,Processed
8116,3116,1000,6116,2028,Damaged Item,2025-02-04 02:27:03.428463,360,Processed
11825,6825,1006,9825,2042,Stale Product,2025-01-24 17:04:03.428463,70,Processed
17067,12067,1040,15067,2034,Stale Product,2025-01-29 15:11:03.428463,800,Processed
12807,7807,1001,10807,2016,Stale Product,2025-02-10 10:08:03.428463,260,Processed
10761,5761,1022,8761,2090,Damaged Item,2025-02-05 04:00:03.428463,800,Processed
13092,8092,1017,11092,2073,Stale Product,2025-02-12 06:11:03.428463,480,Processed
14419,9419,1031,12419,2084,Damaged Item,2025-02-05 19:07:03.428463,520,Processed
15035,10035,1035,13035,2081,Stale Product,2025-02-06 05:29:03.428463,360,Processed
16028,11028,1010,14028,2004,Stale Product,2025-01-28 21:42:03.428463,360,Processed
8750,3750,1023,6750,2003,Damaged Item,2025-02-22 01:05:03.428463,675,Processed
17265,12265,1035,15265,2059,Stale Product,2025-02-06 18:15:03.428463,450,Processed
15520,10520,1044,13520,2087,Damaged Item,2025-02-22 18:00:03.428463,850,Processed
16852,11852,1028,14852,2008,Damaged Item,2025-01-31 14:37:03.428463,300,Processed
